日期,均价,饰品ID,饰品名称
2024-11-23,4485.0,776879,原皮骷髅匕首(★ StatTrak™)
2025-04-23,4380.0,776879,原皮骷髅匕首(★ StatTrak™)
2024-11-23,4825.0,775988,原皮骷髅匕首
2024-11-23,13500.0,42530,原皮蝴蝶刀
2024-11-24,12200.22,43389,原皮蝴蝶刀(★ StatTrak™)
2024-11-24,8483.5,43052,原皮 M9 刺刀
2025-04-23,11850.0,43052,原皮 M9 刺刀
2024-11-24,7700.0,43774,原皮 M9 刺刀(★ StatTrak™)
2025-04-22,9500.0,43774,原皮 M9 刺刀(★ StatTrak™)
2025-04-23,9430.0,43774,原皮 M9 刺刀(★ StatTrak™)
2025-04-24,9455.0,43774,原皮 M9 刺刀(★ StatTrak™)
2024-11-24,13499.0,42530,原皮蝴蝶刀
2024-11-25,12198.0,43389,原皮蝴蝶刀(★ StatTrak™)
2025-04-23,18000.0,43389,原皮蝴蝶刀(★ StatTrak™)
2024-11-26,4460.0,776879,原皮骷髅匕首(★ StatTrak™)
2024-11-25,4800.0,775988,原皮骷髅匕首
2024-11-25,13498.0,42530,原皮蝴蝶刀
2024-11-26,12396.5,43389,原皮蝴蝶刀(★ StatTrak™)
2025-04-24,17800.0,43389,原皮蝴蝶刀(★ StatTrak™)
2024-11-26,8509.0,43052,原皮 M9 刺刀
2024-11-26,7400.0,43774,原皮 M9 刺刀(★ StatTrak™)
2024-11-27,4260.0,776879,原皮骷髅匕首(★ StatTrak™)
2025-04-25,4630.0,776879,原皮骷髅匕首(★ StatTrak™)
2025-04-26,4524.75,776879,原皮骷髅匕首(★ StatTrak™)
2024-11-26,4800.0,775988,原皮骷髅匕首
2024-11-26,13466.5,42530,原皮蝴蝶刀
2024-11-27,12350.0,43389,原皮蝴蝶刀(★ StatTrak™)
2025-04-26,17550.0,43389,原皮蝴蝶刀(★ StatTrak™)
2024-11-27,8566.0,43052,原皮 M9 刺刀
2025-04-26,11500.0,43052,原皮 M9 刺刀
2024-11-27,7599.0,43774,原皮 M9 刺刀(★ StatTrak™)
2025-04-26,10777.0,43774,原皮 M9 刺刀(★ StatTrak™)
2025-04-27,4670.0,776879,原皮骷髅匕首(★ StatTrak™)
2024-11-27,13442.67,42530,原皮蝴蝶刀
2024-11-28,12200.0,43389,原皮蝴蝶刀(★ StatTrak™)
2024-11-28,8470.0,43052,原皮 M9 刺刀
2024-11-28,7650.0,43774,原皮 M9 刺刀(★ StatTrak™)
2025-04-27,10488.0,43774,原皮 M9 刺刀(★ StatTrak™)
2024-11-28,4438.5,776879,原皮骷髅匕首(★ StatTrak™)
2024-11-28,4800.0,775988,原皮骷髅匕首
2024-11-28,13543.95,42530,原皮蝴蝶刀
2025-04-27,17800.0,43389,原皮蝴蝶刀(★ StatTrak™)
2024-12-02,8498.0,43052,原皮 M9 刺刀
2024-11-29,7674.0,43774,原皮 M9 刺刀(★ StatTrak™)
2024-11-29,4835.0,775988,原皮骷髅匕首
2024-11-29,13438.83,42530,原皮蝴蝶刀
2024-11-29,12299.0,43389,原皮蝴蝶刀(★ StatTrak™)
2024-11-29,8477.0,43052,原皮 M9 刺刀
2024-11-30,7700.0,43774,原皮 M9 刺刀(★ StatTrak™)
2024-12-03,7600.0,43774,原皮 M9 刺刀(★ StatTrak™)
2024-12-01,4415.0,776879,原皮骷髅匕首(★ StatTrak™)
2025-04-29,4560.0,776879,原皮骷髅匕首(★ StatTrak™)
2024-11-30,4830.0,775988,原皮骷髅匕首
2024-11-30,13500.0,42530,原皮蝴蝶刀
2024-12-01,12380.0,43389,原皮蝴蝶刀(★ StatTrak™)
2024-11-30,8417.0,43052,原皮 M9 刺刀
2025-04-29,11598.5,43052,原皮 M9 刺刀
2024-12-02,4450.0,776879,原皮骷髅匕首(★ StatTrak™)
2025-04-30,4648.0,776879,原皮骷髅匕首(★ StatTrak™)
2025-05-01,4410.0,776879,原皮骷髅匕首(★ StatTrak™)
2024-12-01,4800.0,775988,原皮骷髅匕首
2024-12-01,13400.0,42530,原皮蝴蝶刀
2024-12-02,12365.5,43389,原皮蝴蝶刀(★ StatTrak™)
2025-04-30,17300.0,43389,原皮蝴蝶刀(★ StatTrak™)
2025-05-01,17849.9,43389,原皮蝴蝶刀(★ StatTrak™)
2024-12-01,8490.0,43052,原皮 M9 刺刀
2025-05-01,10000.0,43774,原皮 M9 刺刀(★ StatTrak™)
2024-12-03,4290.0,776879,原皮骷髅匕首(★ StatTrak™)
2024-12-02,4800.0,775988,原皮骷髅匕首
2024-12-02,13100.0,42530,原皮蝴蝶刀
2024-12-09,13343.0,42530,原皮蝴蝶刀
2024-12-06,8460.0,43052,原皮 M9 刺刀
2024-12-02,7665.0,43774,原皮 M9 刺刀(★ StatTrak™)
2024-12-04,4460.0,776879,原皮骷髅匕首(★ StatTrak™)
2024-12-03,4750.0,775988,原皮骷髅匕首
2024-12-03,13309.5,42530,原皮蝴蝶刀
2024-12-07,12451.0,43389,原皮蝴蝶刀(★ StatTrak™)
2025-05-03,18000.0,43389,原皮蝴蝶刀(★ StatTrak™)
2024-12-03,8484.25,43052,原皮 M9 刺刀
2025-05-02,11700.0,43052,原皮 M9 刺刀
2024-12-04,7660.0,43774,原皮 M9 刺刀(★ StatTrak™)
2024-12-05,4470.0,776879,原皮骷髅匕首(★ StatTrak™)
2025-05-03,4599.49,776879,原皮骷髅匕首(★ StatTrak™)
2024-12-04,4753.0,775988,原皮骷髅匕首
2024-12-04,13400.0,42530,原皮蝴蝶刀
2024-12-04,12200.0,43389,原皮蝴蝶刀(★ StatTrak™)
2025-05-04,18888.0,43389,原皮蝴蝶刀(★ StatTrak™)
2024-12-04,8419.0,43052,原皮 M9 刺刀
2024-12-05,7640.0,43774,原皮 M9 刺刀(★ StatTrak™)
2024-12-06,4474.75,776879,原皮骷髅匕首(★ StatTrak™)
2024-12-09,4500.0,776879,原皮骷髅匕首(★ StatTrak™)
2025-05-04,4623.0,776879,原皮骷髅匕首(★ StatTrak™)
2024-12-05,4700.0,775988,原皮骷髅匕首
2024-12-05,13400.0,42530,原皮蝴蝶刀
2024-12-05,12310.0,43389,原皮蝴蝶刀(★ StatTrak™)
2024-12-05,8480.0,43052,原皮 M9 刺刀
2025-05-05,10466.0,43774,原皮 M9 刺刀(★ StatTrak™)
2024-12-06,4748.54,775988,原皮骷髅匕首
2024-12-06,13400.0,42530,原皮蝴蝶刀
2024-12-06,12400.0,43389,原皮蝴蝶刀(★ StatTrak™)
2024-12-07,8438.5,43052,原皮 M9 刺刀
2024-12-10,8389.0,43052,原皮 M9 刺刀
2025-05-05,13050.0,43052,原皮 M9 刺刀
2025-05-06,10750.0,43774,原皮 M9 刺刀(★ StatTrak™)
2024-12-07,4480.0,776879,原皮骷髅匕首(★ StatTrak™)
2025-05-06,4607.0,776879,原皮骷髅匕首(★ StatTrak™)
2024-12-07,4748.0,775988,原皮骷髅匕首
2024-12-07,13300.0,42530,原皮蝴蝶刀
2024-12-14,13300.0,42530,原皮蝴蝶刀
2024-12-08,12457.5,43389,原皮蝴蝶刀(★ StatTrak™)
2025-05-07,19499.0,43389,原皮蝴蝶刀(★ StatTrak™)
2024-12-08,8430.0,43052,原皮 M9 刺刀
2024-12-08,7666.0,43774,原皮 M9 刺刀(★ StatTrak™)
2024-12-08,4500.0,776879,原皮骷髅匕首(★ StatTrak™)
2025-05-07,4689.0,776879,原皮骷髅匕首(★ StatTrak™)
2024-12-08,4748.5,775988,原皮骷髅匕首
2024-12-08,13345.0,42530,原皮蝴蝶刀
2024-12-09,12478.0,43389,原皮蝴蝶刀(★ StatTrak™)
2024-12-10,4450.0,776879,原皮骷髅匕首(★ StatTrak™)
2025-05-09,4672.83,776879,原皮骷髅匕首(★ StatTrak™)
2024-12-09,4710.0,775988,原皮骷髅匕首
2024-12-10,11630.0,43389,原皮蝴蝶刀(★ StatTrak™)
2024-12-13,12290.0,43389,原皮蝴蝶刀(★ StatTrak™)
2025-05-08,16940.0,43389,原皮蝴蝶刀(★ StatTrak™)
2024-12-09,8358.0,43052,原皮 M9 刺刀
2025-05-08,12990.0,43052,原皮 M9 刺刀
2024-12-11,4880.0,776879,原皮骷髅匕首(★ StatTrak™)
2024-12-10,4710.0,775988,原皮骷髅匕首
2024-12-10,13210.0,42530,原皮蝴蝶刀
2024-12-11,12194.0,43389,原皮蝴蝶刀(★ StatTrak™)
2025-05-10,15300.0,43389,原皮蝴蝶刀(★ StatTrak™)
2024-12-14,8390.0,43052,原皮 M9 刺刀
2024-12-11,7670.0,43774,原皮 M9 刺刀(★ StatTrak™)
2024-12-12,4465.0,776879,原皮骷髅匕首(★ StatTrak™)
2025-05-10,4350.0,776879,原皮骷髅匕首(★ StatTrak™)
2024-12-12,4665.0,775988,原皮骷髅匕首
2024-12-18,4625.0,775988,原皮骷髅匕首
2024-12-11,13169.75,42530,原皮蝴蝶刀
2025-05-11,17500.0,43389,原皮蝴蝶刀(★ StatTrak™)
2024-12-11,8300.0,43052,原皮 M9 刺刀
2025-05-11,11390.0,43052,原皮 M9 刺刀
2024-12-12,7666.0,43774,原皮 M9 刺刀(★ StatTrak™)
2025-05-11,10000.0,43774,原皮 M9 刺刀(★ StatTrak™)
2024-12-13,4300.0,776879,原皮骷髅匕首(★ StatTrak™)
2024-12-16,4621.5,775988,原皮骷髅匕首
2024-12-12,12735.0,42530,原皮蝴蝶刀
2024-12-12,12289.5,43389,原皮蝴蝶刀(★ StatTrak™)
2024-12-12,8440.0,43052,原皮 M9 刺刀
2024-12-13,7664.0,43774,原皮 M9 刺刀(★ StatTrak™)
2025-05-12,9666.0,43774,原皮 M9 刺刀(★ StatTrak™)
2024-12-14,4440.0,776879,原皮骷髅匕首(★ StatTrak™)
2025-05-12,4500.0,776879,原皮骷髅匕首(★ StatTrak™)
2025-05-13,4330.0,776879,原皮骷髅匕首(★ StatTrak™)
2024-12-13,4600.0,775988,原皮骷髅匕首
2024-12-13,13245.46,42530,原皮蝴蝶刀
2024-12-14,12300.0,43389,原皮蝴蝶刀(★ StatTrak™)
2025-05-13,16758.42,43389,原皮蝴蝶刀(★ StatTrak™)
2024-12-13,8395.0,43052,原皮 M9 刺刀
2024-12-15,4400.0,776879,原皮骷髅匕首(★ StatTrak™)
2024-12-14,4580.0,775988,原皮骷髅匕首
2024-12-15,4625.0,775988,原皮骷髅匕首
2024-12-15,13204.5,42530,原皮蝴蝶刀
2024-12-16,12100.0,43389,原皮蝴蝶刀(★ StatTrak™)
2024-12-19,12498.0,43389,原皮蝴蝶刀(★ StatTrak™)
2025-05-15,15590.0,43389,原皮蝴蝶刀(★ StatTrak™)
2024-12-15,8250.0,43052,原皮 M9 刺刀
2025-05-14,9845.0,43052,原皮 M9 刺刀
2024-12-16,7645.99,43774,原皮 M9 刺刀(★ StatTrak™)
2025-05-15,9000.0,43774,原皮 M9 刺刀(★ StatTrak™)
2024-12-16,4210.0,776879,原皮骷髅匕首(★ StatTrak™)
2025-05-15,4359.0,776879,原皮骷髅匕首(★ StatTrak™)
2024-12-23,4720.0,775988,原皮骷髅匕首
2024-12-16,13275.0,42530,原皮蝴蝶刀
2024-12-16,8288.0,43052,原皮 M9 刺刀
2024-12-17,7589.0,43774,原皮 M9 刺刀(★ StatTrak™)
2024-12-18,4330.0,776879,原皮骷髅匕首(★ StatTrak™)
2025-05-16,4250.0,776879,原皮骷髅匕首(★ StatTrak™)
2024-12-17,4600.0,775988,原皮骷髅匕首
2024-12-17,13299.0,42530,原皮蝴蝶刀
2024-12-17,12188.0,43389,原皮蝴蝶刀(★ StatTrak™)
2024-12-21,12499.0,43389,原皮蝴蝶刀(★ StatTrak™)
2024-12-17,8320.0,43052,原皮 M9 刺刀
2024-12-24,8479.0,43052,原皮 M9 刺刀
2024-12-18,7500.0,43774,原皮 M9 刺刀(★ StatTrak™)
2025-05-18,4444.0,776879,原皮骷髅匕首(★ StatTrak™)
2024-12-18,13350.0,42530,原皮蝴蝶刀
2024-12-18,12385.0,43389,原皮蝴蝶刀(★ StatTrak™)
2025-05-18,18125.0,43389,原皮蝴蝶刀(★ StatTrak™)
2024-12-18,8230.0,43052,原皮 M9 刺刀
2025-05-17,11099.89,43052,原皮 M9 刺刀
2024-12-19,4295.0,776879,原皮骷髅匕首(★ StatTrak™)
2025-05-19,4353.0,776879,原皮骷髅匕首(★ StatTrak™)
2024-12-19,4620.0,775988,原皮骷髅匕首
2024-12-19,13335.0,42530,原皮蝴蝶刀
2024-12-19,8408.0,43052,原皮 M9 刺刀
2024-12-20,7300.0,43774,原皮 M9 刺刀(★ StatTrak™)
2025-05-19,9800.0,43774,原皮 M9 刺刀(★ StatTrak™)
2024-12-20,4388.87,776879,原皮骷髅匕首(★ StatTrak™)
2024-12-20,4610.0,775988,原皮骷髅匕首
2024-12-20,13400.0,42530,原皮蝴蝶刀
2024-12-20,12488.0,43389,原皮蝴蝶刀(★ StatTrak™)
2024-12-24,12700.0,43389,原皮蝴蝶刀(★ StatTrak™)
2024-12-20,8451.0,43052,原皮 M9 刺刀
2024-12-21,4399.5,776879,原皮骷髅匕首(★ StatTrak™)
2024-12-28,4470.0,776879,原皮骷髅匕首(★ StatTrak™)
2024-12-21,4725.0,775988,原皮骷髅匕首
2024-12-21,13430.81,42530,原皮蝴蝶刀
2025-05-20,17179.9,43389,原皮蝴蝶刀(★ StatTrak™)
2024-12-21,8460.0,43052,原皮 M9 刺刀
2025-05-20,11281.67,43052,原皮 M9 刺刀
2024-12-21,7500.0,43774,原皮 M9 刺刀(★ StatTrak™)
2024-12-23,4550.0,776879,原皮骷髅匕首(★ StatTrak™)
2025-05-21,4495.0,776879,原皮骷髅匕首(★ StatTrak™)
2024-12-22,4710.0,775988,原皮骷髅匕首
2024-12-22,13435.0,42530,原皮蝴蝶刀
2025-05-21,16999.5,43389,原皮蝴蝶刀(★ StatTrak™)
2025-05-22,17388.0,43389,原皮蝴蝶刀(★ StatTrak™)
2024-12-22,8500.0,43052,原皮 M9 刺刀
2024-12-23,7666.0,43774,原皮 M9 刺刀(★ StatTrak™)
2025-05-22,9772.5,43774,原皮 M9 刺刀(★ StatTrak™)
2025-05-22,4440.0,776879,原皮骷髅匕首(★ StatTrak™)
2024-12-27,4700.0,775988,原皮骷髅匕首
2024-12-23,13465.0,42530,原皮蝴蝶刀
2024-12-23,12450.0,43389,原皮蝴蝶刀(★ StatTrak™)
2024-12-23,8500.0,43052,原皮 M9 刺刀
2024-12-24,7700.0,43774,原皮 M9 刺刀(★ StatTrak™)
2025-05-23,9900.0,43774,原皮 M9 刺刀(★ StatTrak™)
2024-12-24,4520.0,776879,原皮骷髅匕首(★ StatTrak™)
2025-05-24,4430.0,776879,原皮骷髅匕首(★ StatTrak™)
2024-12-24,4700.0,775988,原皮骷髅匕首
2024-12-24,13487.5,42530,原皮蝴蝶刀
2025-05-16,18874.0,42530,原皮蝴蝶刀
2025-05-19,19850.0,42530,原皮蝴蝶刀
2025-05-22,19540.0,42530,原皮蝴蝶刀
2024-12-28,12700.0,43389,原皮蝴蝶刀(★ StatTrak™)
2024-12-25,8260.0,43052,原皮 M9 刺刀
2025-05-23,12919.75,43052,原皮 M9 刺刀
2024-12-25,7750.0,43774,原皮 M9 刺刀(★ StatTrak™)
2024-12-25,4250.0,776879,原皮骷髅匕首(★ StatTrak™)
2025-05-25,4497.5,776879,原皮骷髅匕首(★ StatTrak™)
2024-12-25,4698.5,775988,原皮骷髅匕首
2024-12-25,13499.0,42530,原皮蝴蝶刀
2024-12-25,12500.0,43389,原皮蝴蝶刀(★ StatTrak™)
2025-05-25,17798.0,43389,原皮蝴蝶刀(★ StatTrak™)
2024-12-26,8470.0,43052,原皮 M9 刺刀
2025-01-01,8700.0,43052,原皮 M9 刺刀
2024-12-26,7750.0,43774,原皮 M9 刺刀(★ StatTrak™)
2024-12-26,4390.0,776879,原皮骷髅匕首(★ StatTrak™)
2024-12-26,4687.0,775988,原皮骷髅匕首
2024-12-26,13455.17,42530,原皮蝴蝶刀
2025-05-25,21221.58,42530,原皮蝴蝶刀
2024-12-26,12270.0,43389,原皮蝴蝶刀(★ StatTrak™)
2024-12-27,8460.0,43052,原皮 M9 刺刀
2025-05-26,13799.5,43052,原皮 M9 刺刀
2024-12-27,7750.0,43774,原皮 M9 刺刀(★ StatTrak™)
2025-05-26,9780.0,43774,原皮 M9 刺刀(★ StatTrak™)
2024-12-27,4465.5,776879,原皮骷髅匕首(★ StatTrak™)
2025-05-27,4497.5,776879,原皮骷髅匕首(★ StatTrak™)
2024-12-27,13571.98,42530,原皮蝴蝶刀
2024-12-27,12680.0,43389,原皮蝴蝶刀(★ StatTrak™)
2025-05-26,17300.0,43389,原皮蝴蝶刀(★ StatTrak™)
2024-12-28,7430.0,43774,原皮 M9 刺刀(★ StatTrak™)
2025-05-27,9500.0,43774,原皮 M9 刺刀(★ StatTrak™)
2024-12-29,4456.0,776879,原皮骷髅匕首(★ StatTrak™)
2025-01-01,4474.5,776879,原皮骷髅匕首(★ StatTrak™)
2024-12-28,4700.0,775988,原皮骷髅匕首
2025-01-07,4800.0,775988,原皮骷髅匕首
2024-12-28,13739.0,42530,原皮蝴蝶刀
2024-12-29,12699.5,43389,原皮蝴蝶刀(★ StatTrak™)
2024-12-28,8462.0,43052,原皮 M9 刺刀
2025-05-27,13348.5,43052,原皮 M9 刺刀
2024-12-29,7788.85,43774,原皮 M9 刺刀(★ StatTrak™)
2024-12-30,4464.5,776879,原皮骷髅匕首(★ StatTrak™)
2025-05-28,4499.0,776879,原皮骷髅匕首(★ StatTrak™)
2024-12-29,4705.0,775988,原皮骷髅匕首
2024-12-29,13550.0,42530,原皮蝴蝶刀
2025-05-28,21788.0,42530,原皮蝴蝶刀
2025-05-28,17599.0,43389,原皮蝴蝶刀(★ StatTrak™)
2025-05-29,17500.0,43389,原皮蝴蝶刀(★ StatTrak™)
2024-12-29,8500.0,43052,原皮 M9 刺刀
2025-05-29,13999.0,43052,原皮 M9 刺刀
2024-12-30,7776.7,43774,原皮 M9 刺刀(★ StatTrak™)
2024-12-30,4719.0,775988,原皮骷髅匕首
2024-12-30,13665.0,42530,原皮蝴蝶刀
2024-12-30,12893.0,43389,原皮蝴蝶刀(★ StatTrak™)
2024-12-30,8466.0,43052,原皮 M9 刺刀
2025-05-30,13200.0,43052,原皮 M9 刺刀
2024-12-31,4487.0,776879,原皮骷髅匕首(★ StatTrak™)
2025-05-30,4449.0,776879,原皮骷髅匕首(★ StatTrak™)
2025-05-31,4430.0,776879,原皮骷髅匕首(★ StatTrak™)
2024-12-31,4750.0,775988,原皮骷髅匕首
2024-12-31,13649.75,42530,原皮蝴蝶刀
2024-12-31,12888.0,43389,原皮蝴蝶刀(★ StatTrak™)
2025-05-31,17000.0,43389,原皮蝴蝶刀(★ StatTrak™)
2024-12-31,8500.0,43052,原皮 M9 刺刀
2024-12-31,7800.0,43774,原皮 M9 刺刀(★ StatTrak™)
2025-01-04,7690.0,43774,原皮 M9 刺刀(★ StatTrak™)
2025-01-01,4700.0,775988,原皮骷髅匕首
2025-01-01,13881.5,42530,原皮蝴蝶刀
2025-05-31,21590.0,42530,原皮蝴蝶刀
2025-01-01,12900.0,43389,原皮蝴蝶刀(★ StatTrak™)
2025-06-01,17548.0,43389,原皮蝴蝶刀(★ StatTrak™)
2025-01-05,8678.0,43052,原皮 M9 刺刀
2025-06-01,13595.0,43052,原皮 M9 刺刀
2025-01-02,7850.0,43774,原皮 M9 刺刀(★ StatTrak™)
2025-06-01,10200.0,43774,原皮 M9 刺刀(★ StatTrak™)
2025-01-03,4469.5,776879,原皮骷髅匕首(★ StatTrak™)
2025-01-02,4790.0,775988,原皮骷髅匕首
2025-01-02,13878.0,42530,原皮蝴蝶刀
2025-01-02,12943.5,43389,原皮蝴蝶刀(★ StatTrak™)
2025-01-02,8561.5,43052,原皮 M9 刺刀
2025-06-02,13550.0,43052,原皮 M9 刺刀
2025-01-06,7440.0,43774,原皮 M9 刺刀(★ StatTrak™)
2025-01-07,4480.0,776879,原皮骷髅匕首(★ StatTrak™)
2025-06-02,4550.0,776879,原皮骷髅匕首(★ StatTrak™)
2025-06-03,4550.0,776879,原皮骷髅匕首(★ StatTrak™)
2025-01-03,4780.0,775988,原皮骷髅匕首
2025-01-03,13900.0,42530,原皮蝴蝶刀
2025-01-07,12750.0,43389,原皮蝴蝶刀(★ StatTrak™)
2025-06-03,17700.0,43389,原皮蝴蝶刀(★ StatTrak™)
2025-01-03,8466.0,43052,原皮 M9 刺刀
2025-01-03,7610.0,43774,原皮 M9 刺刀(★ StatTrak™)
2025-01-04,4440.0,776879,原皮骷髅匕首(★ StatTrak™)
2025-01-04,4779.0,775988,原皮骷髅匕首
2025-01-04,13943.0,42530,原皮蝴蝶刀
2025-06-03,20750.0,42530,原皮蝴蝶刀
2025-01-04,12700.0,43389,原皮蝴蝶刀(★ StatTrak™)
2025-06-04,17850.0,43389,原皮蝴蝶刀(★ StatTrak™)
2025-01-04,8650.0,43052,原皮 M9 刺刀
2025-01-05,7800.0,43774,原皮 M9 刺刀(★ StatTrak™)
2025-01-05,4500.0,776879,原皮骷髅匕首(★ StatTrak™)
2025-01-05,4796.0,775988,原皮骷髅匕首
2025-01-05,13966.0,42530,原皮蝴蝶刀
2025-06-05,17649.0,43389,原皮蝴蝶刀(★ StatTrak™)
2025-01-06,8688.0,43052,原皮 M9 刺刀
2025-01-09,8400.0,43052,原皮 M9 刺刀
2025-06-04,13000.0,43052,原皮 M9 刺刀
2025-01-06,5000.0,776879,原皮骷髅匕首(★ StatTrak™)
2025-06-05,4478.98,776879,原皮骷髅匕首(★ StatTrak™)
2025-01-06,4750.0,775988,原皮骷髅匕首
2025-01-06,13965.0,42530,原皮蝴蝶刀
2025-01-06,12949.0,43389,原皮蝴蝶刀(★ StatTrak™)
2025-01-07,8600.0,43052,原皮 M9 刺刀
2025-01-13,8669.5,43052,原皮 M9 刺刀
2025-01-16,8460.0,43052,原皮 M9 刺刀
2025-06-05,12897.5,43052,原皮 M9 刺刀
2025-01-07,7650.0,43774,原皮 M9 刺刀(★ StatTrak™)
2025-06-05,10298.0,43774,原皮 M9 刺刀(★ StatTrak™)
2025-06-06,10299.0,43774,原皮 M9 刺刀(★ StatTrak™)
2025-01-08,4560.0,776879,原皮骷髅匕首(★ StatTrak™)
2025-06-06,4449.5,776879,原皮骷髅匕首(★ StatTrak™)
2025-01-23,4741.67,775988,原皮骷髅匕首
2025-01-07,13960.0,42530,原皮蝴蝶刀
2025-06-06,21000.0,42530,原皮蝴蝶刀
2025-06-07,17858.0,43389,原皮蝴蝶刀(★ StatTrak™)
2025-03-01,10100.0,43052,原皮 M9 刺刀
2025-03-04,9710.0,43052,原皮 M9 刺刀
2025-06-07,12884.0,43052,原皮 M9 刺刀
2025-01-08,7997.0,43774,原皮 M9 刺刀(★ StatTrak™)
2025-01-09,4520.0,776879,原皮骷髅匕首(★ StatTrak™)
2025-01-08,4789.5,775988,原皮骷髅匕首
2025-01-08,13870.0,42530,原皮蝴蝶刀
2025-01-08,12800.0,43389,原皮蝴蝶刀(★ StatTrak™)
2025-01-12,12850.0,43389,原皮蝴蝶刀(★ StatTrak™)
2025-06-08,17790.0,43389,原皮蝴蝶刀(★ StatTrak™)
2025-01-08,8666.0,43052,原皮 M9 刺刀
2025-06-08,12070.0,43052,原皮 M9 刺刀
2025-06-09,12300.0,43052,原皮 M9 刺刀
2025-01-09,7910.0,43774,原皮 M9 刺刀(★ StatTrak™)
2025-06-09,10450.0,43774,原皮 M9 刺刀(★ StatTrak™)
2025-06-08,4500.0,776879,原皮骷髅匕首(★ StatTrak™)
2025-01-09,4761.83,775988,原皮骷髅匕首
2025-01-09,13785.0,42530,原皮蝴蝶刀
2025-06-09,20934.0,42530,原皮蝴蝶刀
2025-01-10,4509.5,776879,原皮骷髅匕首(★ StatTrak™)
2025-06-09,4524.5,776879,原皮骷髅匕首(★ StatTrak™)
2025-01-10,4744.0,775988,原皮骷髅匕首
2025-01-10,13800.0,42530,原皮蝴蝶刀
2025-01-10,12550.0,43389,原皮蝴蝶刀(★ StatTrak™)
2025-06-10,17679.5,43389,原皮蝴蝶刀(★ StatTrak™)
2025-01-10,8440.0,43052,原皮 M9 刺刀
2025-01-11,4500.0,776879,原皮骷髅匕首(★ StatTrak™)
2025-01-11,4738.0,775988,原皮骷髅匕首
2025-01-11,13899.0,42530,原皮蝴蝶刀
2025-01-11,12799.0,43389,原皮蝴蝶刀(★ StatTrak™)
2025-06-11,17999.99,43389,原皮蝴蝶刀(★ StatTrak™)
2025-01-11,8630.0,43052,原皮 M9 刺刀
2025-01-21,8794.5,43052,原皮 M9 刺刀
2025-01-13,4498.5,776879,原皮骷髅匕首(★ StatTrak™)
2025-06-11,4595.0,776879,原皮骷髅匕首(★ StatTrak™)
2025-06-12,4580.0,776879,原皮骷髅匕首(★ StatTrak™)
2025-01-12,4685.0,775988,原皮骷髅匕首
2025-01-12,13899.5,42530,原皮蝴蝶刀
2025-01-13,12650.0,43389,原皮蝴蝶刀(★ StatTrak™)
2025-06-12,17988.0,43389,原皮蝴蝶刀(★ StatTrak™)
2025-01-12,8637.0,43052,原皮 M9 刺刀
2025-06-11,12300.0,43052,原皮 M9 刺刀
2025-06-12,10150.0,43774,原皮 M9 刺刀(★ StatTrak™)
2025-06-13,4580.0,776879,原皮骷髅匕首(★ StatTrak™)
2025-01-13,4730.0,775988,原皮骷髅匕首
2025-06-12,5020.0,775988,原皮骷髅匕首
2025-01-13,13920.0,42530,原皮蝴蝶刀
2025-06-12,20900.0,42530,原皮蝴蝶刀
2025-01-14,12848.0,43389,原皮蝴蝶刀(★ StatTrak™)
2025-01-17,12999.0,43389,原皮蝴蝶刀(★ StatTrak™)
2025-06-12,12100.0,43052,原皮 M9 刺刀
2025-01-14,7960.0,43774,原皮 M9 刺刀(★ StatTrak™)
2025-01-14,4498.0,776879,原皮骷髅匕首(★ StatTrak™)
2025-01-14,4751.0,775988,原皮骷髅匕首
2025-01-14,13947.5,42530,原皮蝴蝶刀
2025-01-14,8649.0,43052,原皮 M9 刺刀
2025-01-15,7950.0,43774,原皮 M9 刺刀(★ StatTrak™)
2025-06-13,10666.0,43774,原皮 M9 刺刀(★ StatTrak™)
2025-01-15,4500.0,776879,原皮骷髅匕首(★ StatTrak™)
2025-01-15,4741.0,775988,原皮骷髅匕首
2025-01-15,13989.0,42530,原皮蝴蝶刀
2025-02-12,14693.5,42530,原皮蝴蝶刀
2025-02-15,14998.0,42530,原皮蝴蝶刀
2025-01-15,13199.0,43389,原皮蝴蝶刀(★ StatTrak™)
2025-01-15,8599.0,43052,原皮 M9 刺刀
2025-06-14,12637.5,43052,原皮 M9 刺刀
2025-06-15,12349.0,43052,原皮 M9 刺刀
2025-01-16,7970.0,43774,原皮 M9 刺刀(★ StatTrak™)
2025-01-19,12880.0,43774,原皮 M9 刺刀(★ StatTrak™)
2025-06-15,10500.0,43774,原皮 M9 刺刀(★ StatTrak™)
2025-01-17,5050.0,776879,原皮骷髅匕首(★ StatTrak™)
2025-06-15,4580.5,776879,原皮骷髅匕首(★ StatTrak™)
2025-06-16,4420.0,776879,原皮骷髅匕首(★ StatTrak™)
2025-01-16,4741.5,775988,原皮骷髅匕首
2025-06-15,5009.83,775988,原皮骷髅匕首
2025-01-16,13975.0,42530,原皮蝴蝶刀
2025-01-16,12999.0,43389,原皮蝴蝶刀(★ StatTrak™)
2025-06-15,17979.5,43389,原皮蝴蝶刀(★ StatTrak™)
2025-06-16,10350.0,43774,原皮 M9 刺刀(★ StatTrak™)
2025-01-17,4735.0,775988,原皮骷髅匕首
2025-01-17,14262.0,42530,原皮蝴蝶刀
2025-01-18,13222.0,43389,原皮蝴蝶刀(★ StatTrak™)
2025-06-16,17400.0,43389,原皮蝴蝶刀(★ StatTrak™)
2025-01-17,8688.0,43052,原皮 M9 刺刀
2025-06-17,11750.0,43052,原皮 M9 刺刀
2025-01-19,4493.5,776879,原皮骷髅匕首(★ StatTrak™)
2025-06-18,4555.0,776879,原皮骷髅匕首(★ StatTrak™)
2025-01-18,4740.0,775988,原皮骷髅匕首
2025-01-18,14479.0,42530,原皮蝴蝶刀
2025-06-18,17650.0,43389,原皮蝴蝶刀(★ StatTrak™)
2025-01-18,8750.0,43052,原皮 M9 刺刀
2025-06-18,11799.5,43052,原皮 M9 刺刀
2025-01-18,7955.0,43774,原皮 M9 刺刀(★ StatTrak™)
2025-01-20,4489.0,776879,原皮骷髅匕首(★ StatTrak™)
2025-01-19,4750.0,775988,原皮骷髅匕首
2025-06-18,4909.0,775988,原皮骷髅匕首
2025-01-19,14550.0,42530,原皮蝴蝶刀
2025-01-19,13500.0,43389,原皮蝴蝶刀(★ StatTrak™)
2025-01-23,12800.0,43389,原皮蝴蝶刀(★ StatTrak™)
2025-06-19,17624.5,43389,原皮蝴蝶刀(★ StatTrak™)
2025-01-19,10950.0,43052,原皮 M9 刺刀
2025-01-21,4489.5,776879,原皮骷髅匕首(★ StatTrak™)
2025-06-19,4550.0,776879,原皮骷髅匕首(★ StatTrak™)
2025-01-20,4750.0,775988,原皮骷髅匕首
2025-01-20,14674.5,42530,原皮蝴蝶刀
2025-02-23,15637.0,42530,原皮蝴蝶刀
2025-01-20,8789.0,43052,原皮 M9 刺刀
2025-01-20,7978.0,43774,原皮 M9 刺刀(★ StatTrak™)
2025-01-22,4399.0,776879,原皮骷髅匕首(★ StatTrak™)
2025-06-21,4500.0,776879,原皮骷髅匕首(★ StatTrak™)
2025-01-21,4705.0,775988,原皮骷髅匕首
2025-01-21,14083.3,42530,原皮蝴蝶刀
2025-01-22,12750.0,43389,原皮蝴蝶刀(★ StatTrak™)
2025-06-22,17577.0,43389,原皮蝴蝶刀(★ StatTrak™)
2025-06-20,12150.0,43052,原皮 M9 刺刀
2025-01-22,7900.0,43774,原皮 M9 刺刀(★ StatTrak™)
2025-06-21,9650.0,43774,原皮 M9 刺刀(★ StatTrak™)
2025-01-23,4491.0,776879,原皮骷髅匕首(★ StatTrak™)
2025-01-26,4400.0,776879,原皮骷髅匕首(★ StatTrak™)
2025-01-22,4670.0,775988,原皮骷髅匕首
2025-06-21,4989.45,775988,原皮骷髅匕首
2025-01-22,14310.0,42530,原皮蝴蝶刀
2025-01-22,8650.0,43052,原皮 M9 刺刀
2025-01-26,8607.0,43052,原皮 M9 刺刀
2025-06-21,11850.0,43052,原皮 M9 刺刀
2025-06-22,11911.0,43052,原皮 M9 刺刀
2025-01-23,7956.0,43774,原皮 M9 刺刀(★ StatTrak™)
2025-06-22,10000.0,43774,原皮 M9 刺刀(★ StatTrak™)
2025-01-24,4494.5,776879,原皮骷髅匕首(★ StatTrak™)
2025-06-22,4400.0,776879,原皮骷髅匕首(★ StatTrak™)
2025-05-22,4914.33,775988,原皮骷髅匕首
2025-05-25,5050.0,775988,原皮骷髅匕首
2025-05-28,5050.0,775988,原皮骷髅匕首
2025-05-31,5000.0,775988,原皮骷髅匕首
2025-06-03,4950.0,775988,原皮骷髅匕首
2025-06-06,4975.0,775988,原皮骷髅匕首
2025-06-09,4960.0,775988,原皮骷髅匕首
2025-01-23,14444.0,42530,原皮蝴蝶刀
2025-01-24,12975.0,43389,原皮蝴蝶刀(★ StatTrak™)
2025-01-27,13500.0,43389,原皮蝴蝶刀(★ StatTrak™)
2025-01-23,8737.0,43052,原皮 M9 刺刀
2025-06-24,4454.45,776879,原皮骷髅匕首(★ StatTrak™)
2025-01-24,4750.0,775988,原皮骷髅匕首
2025-02-18,4925.0,775988,原皮骷髅匕首
2025-02-21,4983.33,775988,原皮骷髅匕首
2025-01-24,14220.0,42530,原皮蝴蝶刀
2025-01-25,13300.0,43389,原皮蝴蝶刀(★ StatTrak™)
2025-06-24,17550.0,43389,原皮蝴蝶刀(★ StatTrak™)
2025-01-24,8800.0,43052,原皮 M9 刺刀
2025-01-24,7958.5,43774,原皮 M9 刺刀(★ StatTrak™)
2025-01-25,4330.0,776879,原皮骷髅匕首(★ StatTrak™)
2025-01-29,4498.0,776879,原皮骷髅匕首(★ StatTrak™)
2025-02-01,4473.5,776879,原皮骷髅匕首(★ StatTrak™)
2025-06-25,4429.5,776879,原皮骷髅匕首(★ StatTrak™)
2025-01-25,4748.5,775988,原皮骷髅匕首
2025-06-24,4950.0,775988,原皮骷髅匕首
2025-01-25,14150.0,42530,原皮蝴蝶刀
2025-01-29,13519.5,43389,原皮蝴蝶刀(★ StatTrak™)
2025-06-25,17300.0,43389,原皮蝴蝶刀(★ StatTrak™)
2025-01-25,8799.0,43052,原皮 M9 刺刀
2025-06-24,11750.0,43052,原皮 M9 刺刀
2025-01-26,7900.0,43774,原皮 M9 刺刀(★ StatTrak™)
2025-06-25,10150.0,43774,原皮 M9 刺刀(★ StatTrak™)
2025-01-27,4443.0,776879,原皮骷髅匕首(★ StatTrak™)
2025-01-26,4650.0,775988,原皮骷髅匕首
2025-01-26,14350.0,42530,原皮蝴蝶刀
2025-01-26,13260.0,43389,原皮蝴蝶刀(★ StatTrak™)
2025-01-27,8768.0,43052,原皮 M9 刺刀
2025-06-25,11949.0,43052,原皮 M9 刺刀
2025-01-27,7954.5,43774,原皮 M9 刺刀(★ StatTrak™)
2025-01-27,4750.0,775988,原皮骷髅匕首
2025-01-27,14481.82,42530,原皮蝴蝶刀
2025-02-03,8770.0,43052,原皮 M9 刺刀
2025-03-06,9490.0,43052,原皮 M9 刺刀
2025-03-09,9825.5,43052,原皮 M9 刺刀
2025-03-12,10666.67,43052,原皮 M9 刺刀
2025-01-28,7900.0,43774,原皮 M9 刺刀(★ StatTrak™)
2025-01-28,4395.0,776879,原皮骷髅匕首(★ StatTrak™)
2025-06-27,4490.0,776879,原皮骷髅匕首(★ StatTrak™)
2025-01-28,4745.0,775988,原皮骷髅匕首
2025-06-27,4920.0,775988,原皮骷髅匕首
2025-01-28,14538.0,42530,原皮蝴蝶刀
2025-01-28,12850.0,43389,原皮蝴蝶刀(★ StatTrak™)
2025-06-27,17700.0,43389,原皮蝴蝶刀(★ StatTrak™)
2025-01-28,8774.5,43052,原皮 M9 刺刀
2025-06-27,12360.0,43052,原皮 M9 刺刀
2025-06-28,4524.5,776879,原皮骷髅匕首(★ StatTrak™)
2025-06-29,4320.0,776879,原皮骷髅匕首(★ StatTrak™)
2025-01-29,4765.0,775988,原皮骷髅匕首
2025-02-23,4970.0,775988,原皮骷髅匕首
2025-01-29,14480.0,42530,原皮蝴蝶刀
2025-01-30,13300.0,43389,原皮蝴蝶刀(★ StatTrak™)
2025-06-28,17700.0,43389,原皮蝴蝶刀(★ StatTrak™)
2025-06-29,17800.0,43389,原皮蝴蝶刀(★ StatTrak™)
2025-01-29,8800.0,43052,原皮 M9 刺刀
2025-02-05,8800.0,43052,原皮 M9 刺刀
2025-02-08,8893.94,43052,原皮 M9 刺刀
2025-06-28,12530.0,43052,原皮 M9 刺刀
2025-01-29,7950.0,43774,原皮 M9 刺刀(★ StatTrak™)
2025-01-30,4480.0,776879,原皮骷髅匕首(★ StatTrak™)
2025-01-30,4725.0,775988,原皮骷髅匕首
2025-01-30,14299.0,42530,原皮蝴蝶刀
2025-02-18,15265.0,42530,原皮蝴蝶刀
2025-02-21,15600.0,42530,原皮蝴蝶刀
2025-01-31,12869.0,43389,原皮蝴蝶刀(★ StatTrak™)
2025-02-03,13300.0,43389,原皮蝴蝶刀(★ StatTrak™)
2025-02-06,13466.0,43389,原皮蝴蝶刀(★ StatTrak™)
2025-02-10,13484.75,43389,原皮蝴蝶刀(★ StatTrak™)
2025-02-13,13400.0,43389,原皮蝴蝶刀(★ StatTrak™)
2025-02-16,13925.0,43389,原皮蝴蝶刀(★ StatTrak™)
2025-02-19,14500.0,43389,原皮蝴蝶刀(★ StatTrak™)
2025-02-22,14400.0,43389,原皮蝴蝶刀(★ StatTrak™)
2025-02-25,14050.0,43389,原皮蝴蝶刀(★ StatTrak™)
2025-03-01,13800.0,43389,原皮蝴蝶刀(★ StatTrak™)
2025-03-05,14000.0,43389,原皮蝴蝶刀(★ StatTrak™)
2025-03-08,13920.0,43389,原皮蝴蝶刀(★ StatTrak™)
2025-03-11,15100.0,43389,原皮蝴蝶刀(★ StatTrak™)
2025-03-14,15400.0,43389,原皮蝴蝶刀(★ StatTrak™)
2025-03-17,15200.0,43389,原皮蝴蝶刀(★ StatTrak™)
2025-03-20,15000.0,43389,原皮蝴蝶刀(★ StatTrak™)
2025-03-24,14550.0,43389,原皮蝴蝶刀(★ StatTrak™)
2025-03-27,16188.0,43389,原皮蝴蝶刀(★ StatTrak™)
2025-03-31,15273.5,43389,原皮蝴蝶刀(★ StatTrak™)
2025-01-30,8788.0,43052,原皮 M9 刺刀
2025-01-31,7990.0,43774,原皮 M9 刺刀(★ StatTrak™)
2025-06-30,10115.0,43774,原皮 M9 刺刀(★ StatTrak™)
2025-01-31,4485.0,776879,原皮骷髅匕首(★ StatTrak™)
2025-02-04,4471.0,776879,原皮骷髅匕首(★ StatTrak™)
2025-02-07,4500.0,776879,原皮骷髅匕首(★ StatTrak™)
2025-02-10,4380.0,776879,原皮骷髅匕首(★ StatTrak™)
2025-02-13,4419.44,776879,原皮骷髅匕首(★ StatTrak™)
2025-02-16,4450.0,776879,原皮骷髅匕首(★ StatTrak™)
2025-02-19,4460.0,776879,原皮骷髅匕首(★ StatTrak™)
2025-02-23,4630.0,776879,原皮骷髅匕首(★ StatTrak™)
2025-02-26,4650.0,776879,原皮骷髅匕首(★ StatTrak™)
2025-03-01,4631.0,776879,原皮骷髅匕首(★ StatTrak™)
2025-03-05,4588.0,776879,原皮骷髅匕首(★ StatTrak™)
2025-03-08,4588.0,776879,原皮骷髅匕首(★ StatTrak™)
2025-03-11,4680.0,776879,原皮骷髅匕首(★ StatTrak™)
2025-03-14,4699.5,776879,原皮骷髅匕首(★ StatTrak™)
2025-03-18,5100.0,776879,原皮骷髅匕首(★ StatTrak™)
2025-03-21,4785.0,776879,原皮骷髅匕首(★ StatTrak™)
2025-03-24,4650.0,776879,原皮骷髅匕首(★ StatTrak™)
2025-07-01,4488.0,776879,原皮骷髅匕首(★ StatTrak™)
2025-01-31,4764.5,775988,原皮骷髅匕首
2025-02-03,4750.0,775988,原皮骷髅匕首
2025-02-06,4795.0,775988,原皮骷髅匕首
2025-02-09,4800.0,775988,原皮骷髅匕首
2025-02-12,4812.0,775988,原皮骷髅匕首
2025-02-15,4880.0,775988,原皮骷髅匕首
2025-02-25,4840.0,775988,原皮骷髅匕首
2025-02-28,4860.0,775988,原皮骷髅匕首
2025-03-03,5000.0,775988,原皮骷髅匕首
2025-03-06,4950.0,775988,原皮骷髅匕首
2025-03-09,5024.5,775988,原皮骷髅匕首
2025-03-12,5119.0,775988,原皮骷髅匕首
2025-03-15,5070.0,775988,原皮骷髅匕首
2025-03-18,5097.0,775988,原皮骷髅匕首
2025-03-21,5015.27,775988,原皮骷髅匕首
2025-03-24,4960.0,775988,原皮骷髅匕首
2025-03-27,4970.0,775988,原皮骷髅匕首
2025-03-30,4900.0,775988,原皮骷髅匕首
2025-04-02,5090.0,775988,原皮骷髅匕首
2025-04-05,5040.88,775988,原皮骷髅匕首
2025-04-08,4965.0,775988,原皮骷髅匕首
2025-04-11,4942.38,775988,原皮骷髅匕首
2025-04-14,4960.0,775988,原皮骷髅匕首
2025-04-17,4927.5,775988,原皮骷髅匕首
2025-04-20,4889.67,775988,原皮骷髅匕首
2025-04-23,4938.75,775988,原皮骷髅匕首
2025-04-26,5039.9,775988,原皮骷髅匕首
2025-04-29,4960.33,775988,原皮骷髅匕首
2025-05-02,4969.95,775988,原皮骷髅匕首
2025-05-05,5199.7,775988,原皮骷髅匕首
2025-05-08,5188.0,775988,原皮骷髅匕首
2025-05-11,5047.0,775988,原皮骷髅匕首
2025-05-14,4699.17,775988,原皮骷髅匕首
2025-05-17,4975.0,775988,原皮骷髅匕首
2025-05-20,4875.5,775988,原皮骷髅匕首
2025-06-30,4966.0,775988,原皮骷髅匕首
2025-01-31,14304.5,42530,原皮蝴蝶刀
2025-02-03,14320.0,42530,原皮蝴蝶刀
2025-02-06,14400.0,42530,原皮蝴蝶刀
2025-02-09,14700.0,42530,原皮蝴蝶刀
2025-02-25,15300.0,42530,原皮蝴蝶刀
2025-02-28,15350.0,42530,原皮蝴蝶刀
2025-03-03,15473.0,42530,原皮蝴蝶刀
2025-03-06,15828.5,42530,原皮蝴蝶刀
2025-03-09,16492.33,42530,原皮蝴蝶刀
2025-03-12,16821.75,42530,原皮蝴蝶刀
2025-03-15,16988.5,42530,原皮蝴蝶刀
2025-03-18,17330.0,42530,原皮蝴蝶刀
2025-03-21,16775.0,42530,原皮蝴蝶刀
2025-03-24,16794.5,42530,原皮蝴蝶刀
2025-03-27,16750.0,42530,原皮蝴蝶刀
2025-03-30,16879.0,42530,原皮蝴蝶刀
2025-04-02,17575.0,42530,原皮蝴蝶刀
2025-04-05,17419.0,42530,原皮蝴蝶刀
2025-04-08,18033.25,42530,原皮蝴蝶刀
2025-04-11,18765.8,42530,原皮蝴蝶刀
2025-04-14,19549.8,42530,原皮蝴蝶刀
2025-04-17,18775.0,42530,原皮蝴蝶刀
2025-04-20,19578.75,42530,原皮蝴蝶刀
2025-04-23,20962.33,42530,原皮蝴蝶刀
2025-04-26,20749.0,42530,原皮蝴蝶刀
2025-04-29,21369.0,42530,原皮蝴蝶刀
2025-05-02,21948.25,42530,原皮蝴蝶刀
2025-05-05,24099.5,42530,原皮蝴蝶刀
2025-05-08,21650.0,42530,原皮蝴蝶刀
2025-05-11,20490.0,42530,原皮蝴蝶刀
2025-05-14,17949.25,42530,原皮蝴蝶刀
2025-06-14,20950.0,42530,原皮蝴蝶刀
2025-06-17,20020.0,42530,原皮蝴蝶刀
2025-06-20,20210.0,42530,原皮蝴蝶刀
2025-06-23,20198.0,42530,原皮蝴蝶刀
2025-06-26,20623.2,42530,原皮蝴蝶刀
2025-06-29,20999.0,42530,原皮蝴蝶刀
2025-02-04,13888.0,43389,原皮蝴蝶刀(★ StatTrak™)
2025-02-08,13400.0,43389,原皮蝴蝶刀(★ StatTrak™)
2025-01-31,8788.0,43052,原皮 M9 刺刀
2025-02-10,8950.0,43052,原皮 M9 刺刀
2025-02-13,8880.0,43052,原皮 M9 刺刀
2025-02-16,9395.0,43052,原皮 M9 刺刀
2025-02-19,9300.0,43052,原皮 M9 刺刀
2025-02-22,9450.0,43052,原皮 M9 刺刀
2025-02-25,9210.63,43052,原皮 M9 刺刀
2025-02-28,9200.0,43052,原皮 M9 刺刀
2025-03-03,9298.0,43052,原皮 M9 刺刀
2025-03-07,9560.0,43052,原皮 M9 刺刀
2025-03-10,10080.0,43052,原皮 M9 刺刀
2025-03-13,10400.0,43052,原皮 M9 刺刀
2025-03-16,10615.0,43052,原皮 M9 刺刀
2025-03-19,10250.0,43052,原皮 M9 刺刀
2025-03-22,10075.0,43052,原皮 M9 刺刀
2025-03-25,10210.0,43052,原皮 M9 刺刀
2025-03-28,10120.0,43052,原皮 M9 刺刀
2025-03-31,10055.0,43052,原皮 M9 刺刀
2025-04-03,10360.0,43052,原皮 M9 刺刀
2025-04-13,10949.0,43052,原皮 M9 刺刀
2025-04-16,10393.75,43052,原皮 M9 刺刀
2025-04-19,10385.0,43052,原皮 M9 刺刀
2025-04-22,10660.0,43052,原皮 M9 刺刀
2025-04-25,10800.0,43052,原皮 M9 刺刀
2025-04-28,11129.33,43052,原皮 M9 刺刀
2025-05-01,11185.0,43052,原皮 M9 刺刀
2025-05-04,13550.0,43052,原皮 M9 刺刀
2025-05-07,14238.0,43052,原皮 M9 刺刀
2025-05-10,10943.75,43052,原皮 M9 刺刀
2025-05-13,10550.0,43052,原皮 M9 刺刀
2025-05-16,10790.0,43052,原皮 M9 刺刀
2025-05-19,11415.0,43052,原皮 M9 刺刀
2025-05-22,11925.0,43052,原皮 M9 刺刀
2025-05-25,13325.0,43052,原皮 M9 刺刀
2025-06-30,12566.66,43052,原皮 M9 刺刀
2025-07-01,12590.0,43052,原皮 M9 刺刀
2025-02-02,4495.0,776879,原皮骷髅匕首(★ StatTrak™)
2025-02-05,4474.5,776879,原皮骷髅匕首(★ StatTrak™)
2025-02-08,4514.0,776879,原皮骷髅匕首(★ StatTrak™)
2025-02-11,4480.0,776879,原皮骷髅匕首(★ StatTrak™)
2025-02-14,4460.0,776879,原皮骷髅匕首(★ StatTrak™)
2025-02-21,4550.0,776879,原皮骷髅匕首(★ StatTrak™)
2025-02-24,4619.0,776879,原皮骷髅匕首(★ StatTrak™)
2025-07-02,4549.0,776879,原皮骷髅匕首(★ StatTrak™)
2025-02-01,4690.0,775988,原皮骷髅匕首
2025-02-04,4792.5,775988,原皮骷髅匕首
2025-02-07,4776.67,775988,原皮骷髅匕首
2025-02-10,4799.73,775988,原皮骷髅匕首
2025-02-13,4817.0,775988,原皮骷髅匕首
2025-02-16,4930.0,775988,原皮骷髅匕首
2025-02-19,4950.5,775988,原皮骷髅匕首
2025-02-22,4990.0,775988,原皮骷髅匕首
2025-02-26,4890.0,775988,原皮骷髅匕首
2025-03-01,4920.0,775988,原皮骷髅匕首
2025-03-04,4994.5,775988,原皮骷髅匕首
2025-03-07,4975.0,775988,原皮骷髅匕首
2025-03-10,4970.0,775988,原皮骷髅匕首
2025-03-13,5000.0,775988,原皮骷髅匕首
2025-03-16,5010.0,775988,原皮骷髅匕首
2025-03-19,5000.0,775988,原皮骷髅匕首
2025-03-22,5117.5,775988,原皮骷髅匕首
2025-03-25,4962.5,775988,原皮骷髅匕首
2025-03-28,4989.75,775988,原皮骷髅匕首
2025-03-31,4900.5,775988,原皮骷髅匕首
2025-04-03,5108.0,775988,原皮骷髅匕首
2025-04-06,4969.0,775988,原皮骷髅匕首
2025-04-09,4896.33,775988,原皮骷髅匕首
2025-04-12,4934.5,775988,原皮骷髅匕首
2025-04-15,4967.5,775988,原皮骷髅匕首
2025-04-18,4880.0,775988,原皮骷髅匕首
2025-04-21,4916.67,775988,原皮骷髅匕首
2025-04-24,5024.5,775988,原皮骷髅匕首
2025-04-27,4975.0,775988,原皮骷髅匕首
2025-04-30,4950.0,775988,原皮骷髅匕首
2025-05-03,4979.0,775988,原皮骷髅匕首
2025-05-06,5494.0,775988,原皮骷髅匕首
2025-05-09,4881.5,775988,原皮骷髅匕首
2025-05-12,4955.0,775988,原皮骷髅匕首
2025-05-15,4744.75,775988,原皮骷髅匕首
2025-05-18,4898.75,775988,原皮骷髅匕首
2025-05-21,4887.5,775988,原皮骷髅匕首
2025-05-24,5115.0,775988,原皮骷髅匕首
2025-05-27,4950.0,775988,原皮骷髅匕首
2025-05-30,5050.0,775988,原皮骷髅匕首
2025-06-02,4956.67,775988,原皮骷髅匕首
2025-06-05,4848.67,775988,原皮骷髅匕首
2025-06-08,5040.36,775988,原皮骷髅匕首
2025-06-11,5011.33,775988,原皮骷髅匕首
2025-06-14,5011.18,775988,原皮骷髅匕首
2025-06-17,4906.33,775988,原皮骷髅匕首
2025-06-20,5239.0,775988,原皮骷髅匕首
2025-06-23,4960.0,775988,原皮骷髅匕首
2025-06-26,4870.0,775988,原皮骷髅匕首
2025-06-29,4947.0,775988,原皮骷髅匕首
2025-02-01,14260.0,42530,原皮蝴蝶刀
2025-02-04,14495.0,42530,原皮蝴蝶刀
2025-02-07,14499.0,42530,原皮蝴蝶刀
2025-02-10,14639.0,42530,原皮蝴蝶刀
2025-02-13,14750.0,42530,原皮蝴蝶刀
2025-02-16,15387.5,42530,原皮蝴蝶刀
2025-02-19,15641.97,42530,原皮蝴蝶刀
2025-02-22,15744.0,42530,原皮蝴蝶刀
2025-02-26,15888.0,42530,原皮蝴蝶刀
2025-03-01,15655.0,42530,原皮蝴蝶刀
2025-03-04,15552.25,42530,原皮蝴蝶刀
2025-03-07,15999.0,42530,原皮蝴蝶刀
2025-03-10,16524.0,42530,原皮蝴蝶刀
2025-03-13,16480.0,42530,原皮蝴蝶刀
2025-03-16,17198.5,42530,原皮蝴蝶刀
2025-03-19,16880.0,42530,原皮蝴蝶刀
2025-03-22,16719.0,42530,原皮蝴蝶刀
2025-03-25,16999.0,42530,原皮蝴蝶刀
2025-03-28,16899.5,42530,原皮蝴蝶刀
2025-03-31,16800.0,42530,原皮蝴蝶刀
2025-04-03,17300.0,42530,原皮蝴蝶刀
2025-04-06,17382.5,42530,原皮蝴蝶刀
2025-04-09,18400.0,42530,原皮蝴蝶刀
2025-04-12,19349.75,42530,原皮蝴蝶刀
2025-04-15,19399.99,42530,原皮蝴蝶刀
2025-04-18,19199.5,42530,原皮蝴蝶刀
2025-04-21,20199.0,42530,原皮蝴蝶刀
2025-04-24,20500.0,42530,原皮蝴蝶刀
2025-04-27,20340.33,42530,原皮蝴蝶刀
2025-04-30,21220.0,42530,原皮蝴蝶刀
2025-05-03,22188.33,42530,原皮蝴蝶刀
2025-05-06,24400.0,42530,原皮蝴蝶刀
2025-05-09,19772.75,42530,原皮蝴蝶刀
2025-05-12,19699.5,42530,原皮蝴蝶刀
2025-05-15,18600.0,42530,原皮蝴蝶刀
2025-05-18,19450.0,42530,原皮蝴蝶刀
2025-05-21,19660.0,42530,原皮蝴蝶刀
2025-05-24,21266.0,42530,原皮蝴蝶刀
2025-05-27,21198.5,42530,原皮蝴蝶刀
2025-05-30,20900.0,42530,原皮蝴蝶刀
2025-06-02,21250.0,42530,原皮蝴蝶刀
2025-06-05,20820.0,42530,原皮蝴蝶刀
2025-06-08,20866.0,42530,原皮蝴蝶刀
2025-06-11,20997.0,42530,原皮蝴蝶刀
2025-06-15,20585.0,42530,原皮蝴蝶刀
2025-06-18,20099.0,42530,原皮蝴蝶刀
2025-06-21,20245.0,42530,原皮蝴蝶刀
2025-06-24,20000.0,42530,原皮蝴蝶刀
2025-06-27,20788.0,42530,原皮蝴蝶刀
2025-06-30,20949.0,42530,原皮蝴蝶刀
2025-02-01,13010.0,43389,原皮蝴蝶刀(★ StatTrak™)
2025-07-01,17999.0,43389,原皮蝴蝶刀(★ StatTrak™)
2025-02-01,8747.0,43052,原皮 M9 刺刀
2025-02-04,8780.0,43052,原皮 M9 刺刀
2025-02-07,8890.0,43052,原皮 M9 刺刀
2025-02-11,8950.0,43052,原皮 M9 刺刀
2025-02-14,8926.0,43052,原皮 M9 刺刀
2025-02-17,9475.0,43052,原皮 M9 刺刀
2025-02-20,9381.0,43052,原皮 M9 刺刀
2025-02-23,9490.0,43052,原皮 M9 刺刀
2025-02-01,8000.0,43774,原皮 M9 刺刀(★ StatTrak™)
2025-02-05,7955.0,43774,原皮 M9 刺刀(★ StatTrak™)
2025-02-08,8150.0,43774,原皮 M9 刺刀(★ StatTrak™)
2025-02-03,4530.0,776879,原皮骷髅匕首(★ StatTrak™)
2025-02-06,4500.0,776879,原皮骷髅匕首(★ StatTrak™)
2025-02-09,4514.0,776879,原皮骷髅匕首(★ StatTrak™)
2025-02-12,4450.0,776879,原皮骷髅匕首(★ StatTrak™)
2025-02-15,4489.0,776879,原皮骷髅匕首(★ StatTrak™)
2025-02-18,4609.0,776879,原皮骷髅匕首(★ StatTrak™)
2025-02-22,4460.0,776879,原皮骷髅匕首(★ StatTrak™)
2025-02-25,4566.66,776879,原皮骷髅匕首(★ StatTrak™)
2025-02-28,4649.5,776879,原皮骷髅匕首(★ StatTrak™)
2025-03-04,4637.5,776879,原皮骷髅匕首(★ StatTrak™)
2025-03-07,4570.0,776879,原皮骷髅匕首(★ StatTrak™)
2025-03-10,4600.0,776879,原皮骷髅匕首(★ StatTrak™)
2025-03-13,4685.0,776879,原皮骷髅匕首(★ StatTrak™)
2025-03-16,4788.0,776879,原皮骷髅匕首(★ StatTrak™)
2025-03-20,4796.0,776879,原皮骷髅匕首(★ StatTrak™)
2025-03-23,4649.5,776879,原皮骷髅匕首(★ StatTrak™)
2025-03-27,4720.0,776879,原皮骷髅匕首(★ StatTrak™)
2025-03-30,4650.0,776879,原皮骷髅匕首(★ StatTrak™)
2025-04-02,4660.0,776879,原皮骷髅匕首(★ StatTrak™)
2025-04-05,4740.0,776879,原皮骷髅匕首(★ StatTrak™)
2025-04-08,4590.0,776879,原皮骷髅匕首(★ StatTrak™)
2025-04-12,4734.75,776879,原皮骷髅匕首(★ StatTrak™)
2025-04-15,4590.0,776879,原皮骷髅匕首(★ StatTrak™)
2025-04-18,4590.0,776879,原皮骷髅匕首(★ StatTrak™)
2025-04-21,4999.0,776879,原皮骷髅匕首(★ StatTrak™)
2025-04-24,4564.24,776879,原皮骷髅匕首(★ StatTrak™)
2025-04-28,4535.0,776879,原皮骷髅匕首(★ StatTrak™)
2025-05-02,4600.0,776879,原皮骷髅匕首(★ StatTrak™)
2025-05-05,4599.0,776879,原皮骷髅匕首(★ StatTrak™)
2025-05-08,4699.0,776879,原皮骷髅匕首(★ StatTrak™)
2025-05-11,4550.0,776879,原皮骷髅匕首(★ StatTrak™)
2025-05-14,4330.0,776879,原皮骷髅匕首(★ StatTrak™)
2025-05-17,4450.0,776879,原皮骷髅匕首(★ StatTrak™)
2025-05-20,4488.0,776879,原皮骷髅匕首(★ StatTrak™)
2025-05-23,4300.0,776879,原皮骷髅匕首(★ StatTrak™)
2025-05-26,4490.0,776879,原皮骷髅匕首(★ StatTrak™)
2025-05-29,4500.0,776879,原皮骷髅匕首(★ StatTrak™)
2025-06-01,4450.0,776879,原皮骷髅匕首(★ StatTrak™)
2025-06-04,4439.0,776879,原皮骷髅匕首(★ StatTrak™)
2025-06-07,4438.49,776879,原皮骷髅匕首(★ StatTrak™)
2025-06-10,4550.0,776879,原皮骷髅匕首(★ StatTrak™)
2025-06-14,4566.0,776879,原皮骷髅匕首(★ StatTrak™)
2025-06-17,4500.0,776879,原皮骷髅匕首(★ StatTrak™)
2025-06-20,4580.0,776879,原皮骷髅匕首(★ StatTrak™)
2025-06-23,4450.0,776879,原皮骷髅匕首(★ StatTrak™)
2025-06-26,4444.0,776879,原皮骷髅匕首(★ StatTrak™)
2025-06-30,4495.0,776879,原皮骷髅匕首(★ StatTrak™)
2025-07-03,4488.0,776879,原皮骷髅匕首(★ StatTrak™)
2025-07-04,4489.5,776879,原皮骷髅匕首(★ StatTrak™)
2025-07-05,4485.0,776879,原皮骷髅匕首(★ StatTrak™)
2025-07-06,4449.0,776879,原皮骷髅匕首(★ StatTrak™)
2025-07-07,4380.0,776879,原皮骷髅匕首(★ StatTrak™)
2025-07-08,4350.0,776879,原皮骷髅匕首(★ StatTrak™)
2025-07-09,4439.0,776879,原皮骷髅匕首(★ StatTrak™)
2025-07-10,4435.0,776879,原皮骷髅匕首(★ StatTrak™)
2025-07-11,4330.0,776879,原皮骷髅匕首(★ StatTrak™)
2025-07-12,4399.0,776879,原皮骷髅匕首(★ StatTrak™)
2025-07-13,4300.0,776879,原皮骷髅匕首(★ StatTrak™)
2025-07-14,4444.0,776879,原皮骷髅匕首(★ StatTrak™)
2025-07-15,4290.0,776879,原皮骷髅匕首(★ StatTrak™)
2025-07-16,4110.0,776879,原皮骷髅匕首(★ StatTrak™)
2025-07-18,4100.0,776879,原皮骷髅匕首(★ StatTrak™)
2025-07-19,4200.0,776879,原皮骷髅匕首(★ StatTrak™)
2025-07-20,4110.0,776879,原皮骷髅匕首(★ StatTrak™)
2025-07-21,3850.0,776879,原皮骷髅匕首(★ StatTrak™)
2025-07-22,4000.0,776879,原皮骷髅匕首(★ StatTrak™)
2025-07-23,4099.5,776879,原皮骷髅匕首(★ StatTrak™)
2025-07-24,4100.0,776879,原皮骷髅匕首(★ StatTrak™)
2025-07-25,4149.99,776879,原皮骷髅匕首(★ StatTrak™)
2025-07-26,4100.0,776879,原皮骷髅匕首(★ StatTrak™)
2025-07-27,4199.0,776879,原皮骷髅匕首(★ StatTrak™)
2025-07-28,4199.5,776879,原皮骷髅匕首(★ StatTrak™)
2025-07-29,5999.99,776879,原皮骷髅匕首(★ StatTrak™)
2025-07-30,4188.5,776879,原皮骷髅匕首(★ StatTrak™)
2025-07-31,4180.0,776879,原皮骷髅匕首(★ StatTrak™)
2025-08-01,4189.0,776879,原皮骷髅匕首(★ StatTrak™)
2025-02-02,4755.0,775988,原皮骷髅匕首
2025-02-05,4799.0,775988,原皮骷髅匕首
2025-02-08,4824.5,775988,原皮骷髅匕首
2025-02-11,4777.0,775988,原皮骷髅匕首
2025-02-14,4845.0,775988,原皮骷髅匕首
2025-02-17,4993.4,775988,原皮骷髅匕首
2025-02-20,4970.0,775988,原皮骷髅匕首
2025-02-24,5000.0,775988,原皮骷髅匕首
2025-02-27,4940.0,775988,原皮骷髅匕首
2025-03-02,4960.0,775988,原皮骷髅匕首
2025-03-05,4989.0,775988,原皮骷髅匕首
2025-03-08,4974.0,775988,原皮骷髅匕首
2025-03-11,5000.0,775988,原皮骷髅匕首
2025-03-14,5020.0,775988,原皮骷髅匕首
2025-03-17,5092.5,775988,原皮骷髅匕首
2025-03-20,4905.0,775988,原皮骷髅匕首
2025-03-23,4990.0,775988,原皮骷髅匕首
2025-03-26,4970.0,775988,原皮骷髅匕首
2025-03-29,4955.0,775988,原皮骷髅匕首
2025-04-01,5096.0,775988,原皮骷髅匕首
2025-04-04,5047.5,775988,原皮骷髅匕首
2025-04-07,4970.0,775988,原皮骷髅匕首
2025-04-10,4920.0,775988,原皮骷髅匕首
2025-04-13,4986.17,775988,原皮骷髅匕首
2025-04-16,4900.0,775988,原皮骷髅匕首
2025-04-19,4945.0,775988,原皮骷髅匕首
2025-04-22,4951.33,775988,原皮骷髅匕首
2025-04-25,5027.5,775988,原皮骷髅匕首
2025-04-28,5000.75,775988,原皮骷髅匕首
2025-05-01,4985.8,775988,原皮骷髅匕首
2025-05-04,5435.07,775988,原皮骷髅匕首
2025-05-07,5585.0,775988,原皮骷髅匕首
2025-05-10,5116.17,775988,原皮骷髅匕首
2025-05-13,4900.0,775988,原皮骷髅匕首
2025-05-16,4880.0,775988,原皮骷髅匕首
2025-05-19,4875.0,775988,原皮骷髅匕首
2025-05-23,4876.0,775988,原皮骷髅匕首
2025-05-26,5010.0,775988,原皮骷髅匕首
2025-05-29,5020.0,775988,原皮骷髅匕首
2025-06-01,5022.25,775988,原皮骷髅匕首
2025-06-04,5210.0,775988,原皮骷髅匕首
2025-06-07,5000.0,775988,原皮骷髅匕首
2025-06-10,5069.0,775988,原皮骷髅匕首
2025-06-13,4999.0,775988,原皮骷髅匕首
2025-06-16,4950.0,775988,原皮骷髅匕首
2025-06-19,4933.99,775988,原皮骷髅匕首
2025-06-22,4960.0,775988,原皮骷髅匕首
2025-06-25,4860.0,775988,原皮骷髅匕首
2025-06-28,4943.0,775988,原皮骷髅匕首
2025-07-01,4939.5,775988,原皮骷髅匕首
2025-07-02,4960.0,775988,原皮骷髅匕首
2025-07-03,4966.75,775988,原皮骷髅匕首
2025-07-04,4949.5,775988,原皮骷髅匕首
2025-07-05,4950.0,775988,原皮骷髅匕首
2025-07-06,4960.0,775988,原皮骷髅匕首
2025-07-07,4884.33,775988,原皮骷髅匕首
2025-07-08,4907.5,775988,原皮骷髅匕首
2025-07-09,4874.5,775988,原皮骷髅匕首
2025-07-10,4877.0,775988,原皮骷髅匕首
2025-07-11,4900.0,775988,原皮骷髅匕首
2025-07-12,4880.0,775988,原皮骷髅匕首
2025-07-13,4830.0,775988,原皮骷髅匕首
2025-07-14,4860.0,775988,原皮骷髅匕首
2025-07-15,4810.0,775988,原皮骷髅匕首
2025-07-16,4763.75,775988,原皮骷髅匕首
2025-07-17,4635.0,775988,原皮骷髅匕首
2025-07-18,4698.5,775988,原皮骷髅匕首
2025-07-19,4500.0,775988,原皮骷髅匕首
2025-07-20,4434.25,775988,原皮骷髅匕首
2025-07-21,4441.0,775988,原皮骷髅匕首
2025-07-22,4470.0,775988,原皮骷髅匕首
2025-07-23,4404.0,775988,原皮骷髅匕首
2025-07-24,4500.0,775988,原皮骷髅匕首
2025-07-25,4469.0,775988,原皮骷髅匕首
2025-07-26,4588.0,775988,原皮骷髅匕首
2025-07-27,4600.0,775988,原皮骷髅匕首
2025-07-28,4595.5,775988,原皮骷髅匕首
2025-07-29,4508.88,775988,原皮骷髅匕首
2025-07-30,4544.5,775988,原皮骷髅匕首
2025-07-31,4450.0,775988,原皮骷髅匕首
2025-08-01,4464.5,775988,原皮骷髅匕首
2025-02-02,14420.0,42530,原皮蝴蝶刀
2025-02-05,14567.0,42530,原皮蝴蝶刀
2025-02-08,14700.0,42530,原皮蝴蝶刀
2025-02-11,14688.0,42530,原皮蝴蝶刀
2025-02-14,14990.0,42530,原皮蝴蝶刀
2025-02-17,15317.38,42530,原皮蝴蝶刀
2025-02-20,15525.0,42530,原皮蝴蝶刀
2025-02-24,15010.0,42530,原皮蝴蝶刀
2025-02-27,15591.5,42530,原皮蝴蝶刀
2025-03-02,15552.5,42530,原皮蝴蝶刀
2025-03-05,15630.0,42530,原皮蝴蝶刀
2025-03-08,15810.0,42530,原皮蝴蝶刀
2025-03-11,16934.25,42530,原皮蝴蝶刀
2025-03-14,16980.0,42530,原皮蝴蝶刀
2025-03-17,16950.0,42530,原皮蝴蝶刀
2025-03-20,16695.88,42530,原皮蝴蝶刀
2025-03-23,16625.0,42530,原皮蝴蝶刀
2025-03-26,17190.0,42530,原皮蝴蝶刀
2025-03-29,16900.0,42530,原皮蝴蝶刀
2025-04-01,17443.75,42530,原皮蝴蝶刀
2025-04-04,17399.5,42530,原皮蝴蝶刀
2025-04-07,17633.0,42530,原皮蝴蝶刀
2025-04-10,19445.67,42530,原皮蝴蝶刀
2025-04-13,19916.25,42530,原皮蝴蝶刀
2025-04-16,19888.0,42530,原皮蝴蝶刀
2025-04-19,19417.5,42530,原皮蝴蝶刀
2025-04-22,20250.0,42530,原皮蝴蝶刀
2025-04-25,20833.17,42530,原皮蝴蝶刀
2025-04-28,20775.0,42530,原皮蝴蝶刀
2025-05-01,21400.0,42530,原皮蝴蝶刀
2025-05-04,24665.0,42530,原皮蝴蝶刀
2025-05-07,22500.0,42530,原皮蝴蝶刀
2025-05-10,19949.0,42530,原皮蝴蝶刀
2025-05-13,18330.0,42530,原皮蝴蝶刀
2025-05-17,18950.0,42530,原皮蝴蝶刀
2025-05-20,19300.0,42530,原皮蝴蝶刀
2025-05-23,20270.0,42530,原皮蝴蝶刀
2025-05-26,21263.5,42530,原皮蝴蝶刀
2025-05-29,21799.5,42530,原皮蝴蝶刀
2025-06-01,21313.5,42530,原皮蝴蝶刀
2025-06-04,20061.75,42530,原皮蝴蝶刀
2025-06-07,21168.75,42530,原皮蝴蝶刀
2025-06-10,20980.0,42530,原皮蝴蝶刀
2025-06-13,21020.0,42530,原皮蝴蝶刀
2025-06-16,20539.5,42530,原皮蝴蝶刀
2025-06-19,20549.5,42530,原皮蝴蝶刀
2025-06-22,20200.0,42530,原皮蝴蝶刀
2025-06-25,20500.0,42530,原皮蝴蝶刀
2025-06-28,20800.0,42530,原皮蝴蝶刀
2025-07-01,20979.5,42530,原皮蝴蝶刀
2025-07-02,21199.5,42530,原皮蝴蝶刀
2025-07-03,21250.0,42530,原皮蝴蝶刀
2025-07-04,21199.0,42530,原皮蝴蝶刀
2025-07-05,20916.5,42530,原皮蝴蝶刀
2025-07-06,21139.0,42530,原皮蝴蝶刀
2025-07-07,20975.0,42530,原皮蝴蝶刀
2025-07-08,20500.0,42530,原皮蝴蝶刀
2025-07-09,20700.0,42530,原皮蝴蝶刀
2025-07-10,20998.0,42530,原皮蝴蝶刀
2025-07-11,20997.0,42530,原皮蝴蝶刀
2025-07-12,20937.67,42530,原皮蝴蝶刀
2025-07-13,21005.0,42530,原皮蝴蝶刀
2025-07-14,20975.0,42530,原皮蝴蝶刀
2025-07-15,21000.0,42530,原皮蝴蝶刀
2025-07-16,20243.33,42530,原皮蝴蝶刀
2025-07-17,19450.0,42530,原皮蝴蝶刀
2025-07-18,20749.5,42530,原皮蝴蝶刀
2025-07-19,20700.0,42530,原皮蝴蝶刀
2025-07-20,20000.0,42530,原皮蝴蝶刀
2025-07-21,19475.0,42530,原皮蝴蝶刀
2025-07-22,19700.0,42530,原皮蝴蝶刀
2025-07-23,19880.0,42530,原皮蝴蝶刀
2025-07-24,19899.5,42530,原皮蝴蝶刀
2025-07-25,19620.0,42530,原皮蝴蝶刀
2025-07-26,20033.33,42530,原皮蝴蝶刀
2025-07-27,20300.0,42530,原皮蝴蝶刀
2025-07-28,20274.5,42530,原皮蝴蝶刀
2025-07-29,19460.0,42530,原皮蝴蝶刀
2025-07-30,19998.5,42530,原皮蝴蝶刀
2025-07-31,19450.0,42530,原皮蝴蝶刀
2025-08-01,19669.5,42530,原皮蝴蝶刀
2025-02-02,13300.0,43389,原皮蝴蝶刀(★ StatTrak™)
2025-02-05,13589.5,43389,原皮蝴蝶刀(★ StatTrak™)
2025-02-09,13570.0,43389,原皮蝴蝶刀(★ StatTrak™)
2025-02-12,13479.0,43389,原皮蝴蝶刀(★ StatTrak™)
2025-02-15,13500.0,43389,原皮蝴蝶刀(★ StatTrak™)
2025-02-18,13999.0,43389,原皮蝴蝶刀(★ StatTrak™)
2025-02-21,14598.0,43389,原皮蝴蝶刀(★ StatTrak™)
2025-02-24,13570.0,43389,原皮蝴蝶刀(★ StatTrak™)
2025-02-27,14180.0,43389,原皮蝴蝶刀(★ StatTrak™)
2025-03-03,14199.0,43389,原皮蝴蝶刀(★ StatTrak™)
2025-03-06,14388.0,43389,原皮蝴蝶刀(★ StatTrak™)
2025-03-09,14990.0,43389,原皮蝴蝶刀(★ StatTrak™)
2025-03-12,15400.0,43389,原皮蝴蝶刀(★ StatTrak™)
2025-03-15,15200.0,43389,原皮蝴蝶刀(★ StatTrak™)
2025-03-18,15540.0,43389,原皮蝴蝶刀(★ StatTrak™)
2025-03-21,14310.0,43389,原皮蝴蝶刀(★ StatTrak™)
2025-03-25,14698.0,43389,原皮蝴蝶刀(★ StatTrak™)
2025-03-28,15200.0,43389,原皮蝴蝶刀(★ StatTrak™)
2025-04-01,15668.9,43389,原皮蝴蝶刀(★ StatTrak™)
2025-04-04,15539.0,43389,原皮蝴蝶刀(★ StatTrak™)
2025-04-09,15998.0,43389,原皮蝴蝶刀(★ StatTrak™)
2025-04-12,17388.0,43389,原皮蝴蝶刀(★ StatTrak™)
2025-04-15,16500.0,43389,原皮蝴蝶刀(★ StatTrak™)
2025-04-18,16888.0,43389,原皮蝴蝶刀(★ StatTrak™)
2025-04-22,17985.0,43389,原皮蝴蝶刀(★ StatTrak™)
2025-04-25,18001.0,43389,原皮蝴蝶刀(★ StatTrak™)
2025-04-28,16610.0,43389,原皮蝴蝶刀(★ StatTrak™)
2025-05-02,17777.0,43389,原皮蝴蝶刀(★ StatTrak™)
2025-05-06,19250.0,43389,原皮蝴蝶刀(★ StatTrak™)
2025-05-09,16888.0,43389,原皮蝴蝶刀(★ StatTrak™)
2025-05-12,16700.0,43389,原皮蝴蝶刀(★ StatTrak™)
2025-05-16,16884.5,43389,原皮蝴蝶刀(★ StatTrak™)
2025-05-19,17100.0,43389,原皮蝴蝶刀(★ StatTrak™)
2025-05-24,17498.49,43389,原皮蝴蝶刀(★ StatTrak™)
2025-05-27,17600.0,43389,原皮蝴蝶刀(★ StatTrak™)
2025-05-30,16690.0,43389,原皮蝴蝶刀(★ StatTrak™)
2025-06-02,17450.0,43389,原皮蝴蝶刀(★ StatTrak™)
2025-06-06,17400.0,43389,原皮蝴蝶刀(★ StatTrak™)
2025-06-09,17649.0,43389,原皮蝴蝶刀(★ StatTrak™)
2025-06-14,17800.0,43389,原皮蝴蝶刀(★ StatTrak™)
2025-06-17,17900.0,43389,原皮蝴蝶刀(★ StatTrak™)
2025-06-20,17650.0,43389,原皮蝴蝶刀(★ StatTrak™)
2025-06-23,17560.0,43389,原皮蝴蝶刀(★ StatTrak™)
2025-06-26,17600.0,43389,原皮蝴蝶刀(★ StatTrak™)
2025-06-30,17410.0,43389,原皮蝴蝶刀(★ StatTrak™)
2025-07-03,17800.0,43389,原皮蝴蝶刀(★ StatTrak™)
2025-07-04,17949.99,43389,原皮蝴蝶刀(★ StatTrak™)
2025-07-05,17870.0,43389,原皮蝴蝶刀(★ StatTrak™)
2025-07-06,17510.0,43389,原皮蝴蝶刀(★ StatTrak™)
2025-07-07,17760.0,43389,原皮蝴蝶刀(★ StatTrak™)
2025-07-08,18000.0,43389,原皮蝴蝶刀(★ StatTrak™)
2025-07-09,17850.0,43389,原皮蝴蝶刀(★ StatTrak™)
2025-07-11,17850.0,43389,原皮蝴蝶刀(★ StatTrak™)
2025-07-12,18100.0,43389,原皮蝴蝶刀(★ StatTrak™)
2025-07-13,18000.0,43389,原皮蝴蝶刀(★ StatTrak™)
2025-07-14,17540.0,43389,原皮蝴蝶刀(★ StatTrak™)
2025-07-15,18399.5,43389,原皮蝴蝶刀(★ StatTrak™)
2025-07-16,18988.0,43389,原皮蝴蝶刀(★ StatTrak™)
2025-07-17,22000.0,43389,原皮蝴蝶刀(★ StatTrak™)
2025-07-18,17600.0,43389,原皮蝴蝶刀(★ StatTrak™)
2025-07-21,16850.0,43389,原皮蝴蝶刀(★ StatTrak™)
2025-07-22,16330.0,43389,原皮蝴蝶刀(★ StatTrak™)
2025-07-24,16350.0,43389,原皮蝴蝶刀(★ StatTrak™)
2025-07-26,16100.0,43389,原皮蝴蝶刀(★ StatTrak™)
2025-07-27,16888.0,43389,原皮蝴蝶刀(★ StatTrak™)
2025-07-28,16610.0,43389,原皮蝴蝶刀(★ StatTrak™)
2025-07-30,16800.0,43389,原皮蝴蝶刀(★ StatTrak™)
2025-02-02,8950.0,43052,原皮 M9 刺刀
2025-02-06,8850.0,43052,原皮 M9 刺刀
2025-02-09,8974.5,43052,原皮 M9 刺刀
2025-02-12,8980.0,43052,原皮 M9 刺刀
2025-02-15,9112.63,43052,原皮 M9 刺刀
2025-02-18,9435.0,43052,原皮 M9 刺刀
2025-02-21,9458.67,43052,原皮 M9 刺刀
2025-02-24,9150.0,43052,原皮 M9 刺刀
2025-02-27,9440.0,43052,原皮 M9 刺刀
2025-03-02,9379.5,43052,原皮 M9 刺刀
2025-03-05,9400.0,43052,原皮 M9 刺刀
2025-03-08,9600.0,43052,原皮 M9 刺刀
2025-03-11,10832.66,43052,原皮 M9 刺刀
2025-03-15,10488.0,43052,原皮 M9 刺刀
2025-03-18,10290.0,43052,原皮 M9 刺刀
2025-03-21,9900.0,43052,原皮 M9 刺刀
2025-03-24,10029.25,43052,原皮 M9 刺刀
2025-03-27,10050.0,43052,原皮 M9 刺刀
2025-03-30,10000.0,43052,原皮 M9 刺刀
2025-04-02,10320.0,43052,原皮 M9 刺刀
2025-04-06,10235.0,43052,原皮 M9 刺刀
2025-04-09,10489.5,43052,原皮 M9 刺刀
2025-04-12,10760.0,43052,原皮 M9 刺刀
2025-04-15,10580.0,43052,原皮 M9 刺刀
2025-04-18,10375.0,43052,原皮 M9 刺刀
2025-04-21,10900.0,43052,原皮 M9 刺刀
2025-04-24,12000.0,43052,原皮 M9 刺刀
2025-04-27,11185.0,43052,原皮 M9 刺刀
2025-04-30,11500.0,43052,原皮 M9 刺刀
2025-05-03,11508.5,43052,原皮 M9 刺刀
2025-05-06,14999.0,43052,原皮 M9 刺刀
2025-05-09,11283.0,43052,原皮 M9 刺刀
2025-05-12,10800.0,43052,原皮 M9 刺刀
2025-05-15,10666.0,43052,原皮 M9 刺刀
2025-05-18,11100.0,43052,原皮 M9 刺刀
2025-05-21,11700.0,43052,原皮 M9 刺刀
2025-05-24,13800.0,43052,原皮 M9 刺刀
2025-05-28,13348.0,43052,原皮 M9 刺刀
2025-05-31,13375.0,43052,原皮 M9 刺刀
2025-06-03,12710.0,43052,原皮 M9 刺刀
2025-06-06,12820.0,43052,原皮 M9 刺刀
2025-06-10,12250.0,43052,原皮 M9 刺刀
2025-06-13,12500.0,43052,原皮 M9 刺刀
2025-06-16,12039.5,43052,原皮 M9 刺刀
2025-06-19,12000.0,43052,原皮 M9 刺刀
2025-06-23,11900.0,43052,原皮 M9 刺刀
2025-06-26,12024.75,43052,原皮 M9 刺刀
2025-06-29,12500.0,43052,原皮 M9 刺刀
2025-07-02,12798.0,43052,原皮 M9 刺刀
2025-07-03,12500.0,43052,原皮 M9 刺刀
2025-07-04,12700.0,43052,原皮 M9 刺刀
2025-07-05,12500.0,43052,原皮 M9 刺刀
2025-07-06,12360.0,43052,原皮 M9 刺刀
2025-07-07,12110.0,43052,原皮 M9 刺刀
2025-07-08,12490.0,43052,原皮 M9 刺刀
2025-07-09,12400.0,43052,原皮 M9 刺刀
2025-07-10,12499.5,43052,原皮 M9 刺刀
2025-07-11,12200.0,43052,原皮 M9 刺刀
2025-07-12,12450.0,43052,原皮 M9 刺刀
2025-07-13,12400.0,43052,原皮 M9 刺刀
2025-07-14,12500.0,43052,原皮 M9 刺刀
2025-07-15,12600.0,43052,原皮 M9 刺刀
2025-07-17,11599.0,43052,原皮 M9 刺刀
2025-07-18,11989.5,43052,原皮 M9 刺刀
2025-07-19,11977.0,43052,原皮 M9 刺刀
2025-07-20,11100.0,43052,原皮 M9 刺刀
2025-07-21,11100.0,43052,原皮 M9 刺刀
2025-07-22,10833.0,43052,原皮 M9 刺刀
2025-07-23,11500.0,43052,原皮 M9 刺刀
2025-07-24,11370.0,43052,原皮 M9 刺刀
2025-07-25,11475.0,43052,原皮 M9 刺刀
2025-07-26,11498.0,43052,原皮 M9 刺刀
2025-07-27,11849.0,43052,原皮 M9 刺刀
2025-07-28,11410.0,43052,原皮 M9 刺刀
2025-07-29,11848.0,43052,原皮 M9 刺刀
2025-07-30,11366.0,43052,原皮 M9 刺刀
2025-07-31,11560.0,43052,原皮 M9 刺刀
2025-08-01,11588.0,43052,原皮 M9 刺刀
2025-02-04,7800.0,43774,原皮 M9 刺刀(★ StatTrak™)
2025-02-07,8194.0,43774,原皮 M9 刺刀(★ StatTrak™)
2025-02-12,8000.0,43774,原皮 M9 刺刀(★ StatTrak™)
2025-02-20,8888.0,43774,原皮 M9 刺刀(★ StatTrak™)
2025-02-23,8358.0,43774,原皮 M9 刺刀(★ StatTrak™)
2025-02-27,8340.0,43774,原皮 M9 刺刀(★ StatTrak™)
2025-03-03,8886.0,43774,原皮 M9 刺刀(★ StatTrak™)
2025-03-06,8761.0,43774,原皮 M9 刺刀(★ StatTrak™)
2025-03-09,8750.0,43774,原皮 M9 刺刀(★ StatTrak™)
2025-03-12,9500.0,43774,原皮 M9 刺刀(★ StatTrak™)
2025-03-16,8734.0,43774,原皮 M9 刺刀(★ StatTrak™)
2025-03-20,8850.0,43774,原皮 M9 刺刀(★ StatTrak™)
2025-03-25,8850.0,43774,原皮 M9 刺刀(★ StatTrak™)
2025-03-31,9149.0,43774,原皮 M9 刺刀(★ StatTrak™)
2025-04-03,9169.0,43774,原皮 M9 刺刀(★ StatTrak™)
2025-04-06,9179.18,43774,原皮 M9 刺刀(★ StatTrak™)
2025-04-11,9200.0,43774,原皮 M9 刺刀(★ StatTrak™)
2025-04-15,9090.0,43774,原皮 M9 刺刀(★ StatTrak™)
2025-04-18,9150.0,43774,原皮 M9 刺刀(★ StatTrak™)
2025-04-21,9480.0,43774,原皮 M9 刺刀(★ StatTrak™)
2025-04-25,9600.0,43774,原皮 M9 刺刀(★ StatTrak™)
2025-04-30,10419.5,43774,原皮 M9 刺刀(★ StatTrak™)
2025-05-04,9888.0,43774,原皮 M9 刺刀(★ StatTrak™)
2025-05-07,10770.0,43774,原皮 M9 刺刀(★ StatTrak™)
2025-05-10,9800.0,43774,原皮 M9 刺刀(★ StatTrak™)
2025-05-14,8950.0,43774,原皮 M9 刺刀(★ StatTrak™)
2025-05-17,9650.0,43774,原皮 M9 刺刀(★ StatTrak™)
2025-05-21,9070.0,43774,原皮 M9 刺刀(★ StatTrak™)
2025-05-25,10000.0,43774,原皮 M9 刺刀(★ StatTrak™)
2025-05-31,9900.0,43774,原皮 M9 刺刀(★ StatTrak™)
2025-06-04,10275.0,43774,原皮 M9 刺刀(★ StatTrak™)
2025-06-07,10200.0,43774,原皮 M9 刺刀(★ StatTrak™)
2025-06-11,10000.0,43774,原皮 M9 刺刀(★ StatTrak™)
2025-06-14,10200.0,43774,原皮 M9 刺刀(★ StatTrak™)
2025-06-20,10300.0,43774,原皮 M9 刺刀(★ StatTrak™)
2025-06-23,10088.0,43774,原皮 M9 刺刀(★ StatTrak™)
2025-06-28,9800.0,43774,原皮 M9 刺刀(★ StatTrak™)
2025-07-02,9810.0,43774,原皮 M9 刺刀(★ StatTrak™)
2025-07-03,10197.0,43774,原皮 M9 刺刀(★ StatTrak™)
2025-07-04,10100.0,43774,原皮 M9 刺刀(★ StatTrak™)
2025-07-05,10300.0,43774,原皮 M9 刺刀(★ StatTrak™)
2025-07-08,10119.0,43774,原皮 M9 刺刀(★ StatTrak™)
2025-07-11,10489.0,43774,原皮 M9 刺刀(★ StatTrak™)
2025-07-12,10500.0,43774,原皮 M9 刺刀(★ StatTrak™)
2025-07-15,10500.0,43774,原皮 M9 刺刀(★ StatTrak™)
2025-07-20,10000.0,43774,原皮 M9 刺刀(★ StatTrak™)
2025-07-21,9999.0,43774,原皮 M9 刺刀(★ StatTrak™)
2025-07-25,9897.0,43774,原皮 M9 刺刀(★ StatTrak™)
2025-07-27,10000.0,43774,原皮 M9 刺刀(★ StatTrak™)
2025-07-29,9900.0,43774,原皮 M9 刺刀(★ StatTrak™)
2025-02-04,4471.0,776879,原皮骷髅匕首(★ StatTrak™)
2025-02-07,4500.0,776879,原皮骷髅匕首(★ StatTrak™)
2025-02-10,4380.0,776879,原皮骷髅匕首(★ StatTrak™)
2025-02-13,4419.44,776879,原皮骷髅匕首(★ StatTrak™)
2025-02-16,4450.0,776879,原皮骷髅匕首(★ StatTrak™)
2025-02-19,4460.0,776879,原皮骷髅匕首(★ StatTrak™)
2025-02-23,4630.0,776879,原皮骷髅匕首(★ StatTrak™)
2025-02-26,4650.0,776879,原皮骷髅匕首(★ StatTrak™)
2025-03-01,4631.0,776879,原皮骷髅匕首(★ StatTrak™)
2025-03-05,4588.0,776879,原皮骷髅匕首(★ StatTrak™)
2025-03-08,4588.0,776879,原皮骷髅匕首(★ StatTrak™)
2025-03-11,4680.0,776879,原皮骷髅匕首(★ StatTrak™)
2025-03-14,4699.5,776879,原皮骷髅匕首(★ StatTrak™)
2025-03-18,5100.0,776879,原皮骷髅匕首(★ StatTrak™)
2025-03-21,4785.0,776879,原皮骷髅匕首(★ StatTrak™)
2025-03-24,4650.0,776879,原皮骷髅匕首(★ StatTrak™)
2025-03-27,4720.0,776879,原皮骷髅匕首(★ StatTrak™)
2025-03-30,4650.0,776879,原皮骷髅匕首(★ StatTrak™)
2025-04-02,4660.0,776879,原皮骷髅匕首(★ StatTrak™)
2025-04-05,4740.0,776879,原皮骷髅匕首(★ StatTrak™)
2025-04-08,4590.0,776879,原皮骷髅匕首(★ StatTrak™)
2025-04-12,4734.75,776879,原皮骷髅匕首(★ StatTrak™)
2025-04-15,4590.0,776879,原皮骷髅匕首(★ StatTrak™)
2025-04-18,4590.0,776879,原皮骷髅匕首(★ StatTrak™)
2025-04-21,4999.0,776879,原皮骷髅匕首(★ StatTrak™)
2025-04-24,4564.24,776879,原皮骷髅匕首(★ StatTrak™)
2025-04-28,4535.0,776879,原皮骷髅匕首(★ StatTrak™)
2025-05-02,4600.0,776879,原皮骷髅匕首(★ StatTrak™)
2025-05-05,4599.0,776879,原皮骷髅匕首(★ StatTrak™)
2025-05-08,4699.0,776879,原皮骷髅匕首(★ StatTrak™)
2025-05-11,4550.0,776879,原皮骷髅匕首(★ StatTrak™)
2025-05-14,4330.0,776879,原皮骷髅匕首(★ StatTrak™)
2025-05-17,4450.0,776879,原皮骷髅匕首(★ StatTrak™)
2025-05-20,4488.0,776879,原皮骷髅匕首(★ StatTrak™)
2025-05-23,4300.0,776879,原皮骷髅匕首(★ StatTrak™)
2025-05-26,4490.0,776879,原皮骷髅匕首(★ StatTrak™)
2025-05-29,4500.0,776879,原皮骷髅匕首(★ StatTrak™)
2025-06-01,4450.0,776879,原皮骷髅匕首(★ StatTrak™)
2025-06-04,4439.0,776879,原皮骷髅匕首(★ StatTrak™)
2025-06-07,4438.49,776879,原皮骷髅匕首(★ StatTrak™)
2025-06-10,4550.0,776879,原皮骷髅匕首(★ StatTrak™)
2025-06-14,4566.0,776879,原皮骷髅匕首(★ StatTrak™)
2025-06-17,4500.0,776879,原皮骷髅匕首(★ StatTrak™)
2025-06-20,4580.0,776879,原皮骷髅匕首(★ StatTrak™)
2025-06-23,4450.0,776879,原皮骷髅匕首(★ StatTrak™)
2025-06-26,4444.0,776879,原皮骷髅匕首(★ StatTrak™)
2025-06-30,4495.0,776879,原皮骷髅匕首(★ StatTrak™)
2025-07-03,4488.0,776879,原皮骷髅匕首(★ StatTrak™)
2025-07-04,4489.5,776879,原皮骷髅匕首(★ StatTrak™)
2025-07-05,4485.0,776879,原皮骷髅匕首(★ StatTrak™)
2025-07-06,4449.0,776879,原皮骷髅匕首(★ StatTrak™)
2025-07-07,4380.0,776879,原皮骷髅匕首(★ StatTrak™)
2025-07-08,4350.0,776879,原皮骷髅匕首(★ StatTrak™)
2025-07-09,4439.0,776879,原皮骷髅匕首(★ StatTrak™)
2025-07-10,4435.0,776879,原皮骷髅匕首(★ StatTrak™)
2025-07-11,4330.0,776879,原皮骷髅匕首(★ StatTrak™)
2025-07-12,4399.0,776879,原皮骷髅匕首(★ StatTrak™)
2025-07-13,4300.0,776879,原皮骷髅匕首(★ StatTrak™)
2025-07-14,4444.0,776879,原皮骷髅匕首(★ StatTrak™)
2025-07-15,4290.0,776879,原皮骷髅匕首(★ StatTrak™)
2025-07-16,4110.0,776879,原皮骷髅匕首(★ StatTrak™)
2025-07-18,4100.0,776879,原皮骷髅匕首(★ StatTrak™)
2025-07-19,4200.0,776879,原皮骷髅匕首(★ StatTrak™)
2025-07-20,4110.0,776879,原皮骷髅匕首(★ StatTrak™)
2025-07-21,3850.0,776879,原皮骷髅匕首(★ StatTrak™)
2025-07-22,4000.0,776879,原皮骷髅匕首(★ StatTrak™)
2025-07-23,4099.5,776879,原皮骷髅匕首(★ StatTrak™)
2025-07-24,4100.0,776879,原皮骷髅匕首(★ StatTrak™)
2025-07-25,4149.99,776879,原皮骷髅匕首(★ StatTrak™)
2025-07-26,4100.0,776879,原皮骷髅匕首(★ StatTrak™)
2025-07-27,4199.0,776879,原皮骷髅匕首(★ StatTrak™)
2025-07-28,4199.5,776879,原皮骷髅匕首(★ StatTrak™)
2025-07-29,5999.99,776879,原皮骷髅匕首(★ StatTrak™)
2025-07-30,4188.5,776879,原皮骷髅匕首(★ StatTrak™)
2025-07-31,4180.0,776879,原皮骷髅匕首(★ StatTrak™)
2025-08-01,4189.0,776879,原皮骷髅匕首(★ StatTrak™)
2025-08-02,4149.5,776879,原皮骷髅匕首(★ StatTrak™)
2025-02-03,4750.0,775988,原皮骷髅匕首
2025-02-06,4795.0,775988,原皮骷髅匕首
2025-02-09,4800.0,775988,原皮骷髅匕首
2025-02-12,4812.0,775988,原皮骷髅匕首
2025-02-15,4880.0,775988,原皮骷髅匕首
2025-02-19,4949.0,775988,原皮骷髅匕首
2025-02-22,5150.0,775988,原皮骷髅匕首
2025-02-25,4840.0,775988,原皮骷髅匕首
2025-02-28,4860.0,775988,原皮骷髅匕首
2025-03-03,5000.0,775988,原皮骷髅匕首
2025-03-06,4950.0,775988,原皮骷髅匕首
2025-03-09,5024.5,775988,原皮骷髅匕首
2025-03-12,5119.0,775988,原皮骷髅匕首
2025-03-15,5070.0,775988,原皮骷髅匕首
2025-03-18,5097.0,775988,原皮骷髅匕首
2025-03-21,5015.27,775988,原皮骷髅匕首
2025-03-24,4960.0,775988,原皮骷髅匕首
2025-03-27,4970.0,775988,原皮骷髅匕首
2025-03-30,4900.0,775988,原皮骷髅匕首
2025-04-02,5090.0,775988,原皮骷髅匕首
2025-04-05,5040.88,775988,原皮骷髅匕首
2025-04-08,4965.0,775988,原皮骷髅匕首
2025-04-11,4942.38,775988,原皮骷髅匕首
2025-04-14,4960.0,775988,原皮骷髅匕首
2025-04-17,4927.5,775988,原皮骷髅匕首
2025-04-20,4889.67,775988,原皮骷髅匕首
2025-04-23,4938.75,775988,原皮骷髅匕首
2025-04-26,5039.9,775988,原皮骷髅匕首
2025-04-29,4960.33,775988,原皮骷髅匕首
2025-05-02,4969.95,775988,原皮骷髅匕首
2025-05-05,5199.7,775988,原皮骷髅匕首
2025-05-08,5188.0,775988,原皮骷髅匕首
2025-05-11,5047.0,775988,原皮骷髅匕首
2025-05-14,4699.17,775988,原皮骷髅匕首
2025-05-17,4975.0,775988,原皮骷髅匕首
2025-05-20,4875.5,775988,原皮骷髅匕首
2025-05-23,4969.17,775988,原皮骷髅匕首
2025-05-26,5093.5,775988,原皮骷髅匕首
2025-05-29,5024.25,775988,原皮骷髅匕首
2025-06-01,4950.0,775988,原皮骷髅匕首
2025-06-04,4880.0,775988,原皮骷髅匕首
2025-06-07,4940.0,775988,原皮骷髅匕首
2025-06-10,5028.17,775988,原皮骷髅匕首
2025-06-13,4995.0,775988,原皮骷髅匕首
2025-06-16,4972.67,775988,原皮骷髅匕首
2025-06-19,4942.67,775988,原皮骷髅匕首
2025-06-22,4988.5,775988,原皮骷髅匕首
2025-06-25,4863.33,775988,原皮骷髅匕首
2025-06-28,4944.0,775988,原皮骷髅匕首
2025-07-01,4901.42,775988,原皮骷髅匕首
2025-07-03,4966.75,775988,原皮骷髅匕首
2025-07-04,4949.5,775988,原皮骷髅匕首
2025-07-05,4950.0,775988,原皮骷髅匕首
2025-07-06,4960.0,775988,原皮骷髅匕首
2025-07-07,4884.33,775988,原皮骷髅匕首
2025-07-08,4907.5,775988,原皮骷髅匕首
2025-07-09,4874.5,775988,原皮骷髅匕首
2025-07-10,4877.0,775988,原皮骷髅匕首
2025-07-11,4900.0,775988,原皮骷髅匕首
2025-07-12,4880.0,775988,原皮骷髅匕首
2025-07-13,4830.0,775988,原皮骷髅匕首
2025-07-14,4860.0,775988,原皮骷髅匕首
2025-07-15,4810.0,775988,原皮骷髅匕首
2025-07-16,4763.75,775988,原皮骷髅匕首
2025-07-17,4635.0,775988,原皮骷髅匕首
2025-07-18,4698.5,775988,原皮骷髅匕首
2025-07-19,4500.0,775988,原皮骷髅匕首
2025-07-20,4434.25,775988,原皮骷髅匕首
2025-07-21,4441.0,775988,原皮骷髅匕首
2025-07-22,4470.0,775988,原皮骷髅匕首
2025-07-23,4404.0,775988,原皮骷髅匕首
2025-07-24,4500.0,775988,原皮骷髅匕首
2025-07-25,4469.0,775988,原皮骷髅匕首
2025-07-26,4588.0,775988,原皮骷髅匕首
2025-07-27,4600.0,775988,原皮骷髅匕首
2025-07-28,4595.5,775988,原皮骷髅匕首
2025-07-29,4508.88,775988,原皮骷髅匕首
2025-07-30,4544.5,775988,原皮骷髅匕首
2025-07-31,4450.0,775988,原皮骷髅匕首
2025-08-01,4464.5,775988,原皮骷髅匕首
2025-08-02,4500.0,775988,原皮骷髅匕首
2025-02-03,14468.0,42530,原皮蝴蝶刀
2025-02-06,14486.0,42530,原皮蝴蝶刀
2025-02-09,14650.0,42530,原皮蝴蝶刀
2025-02-12,14649.5,42530,原皮蝴蝶刀
2025-02-15,15125.0,42530,原皮蝴蝶刀
2025-02-18,15450.0,42530,原皮蝴蝶刀
2025-02-21,15600.0,42530,原皮蝴蝶刀
2025-02-24,15200.0,42530,原皮蝴蝶刀
2025-02-28,15275.0,42530,原皮蝴蝶刀
2025-03-03,15500.0,42530,原皮蝴蝶刀
2025-03-06,15912.33,42530,原皮蝴蝶刀
2025-03-09,16400.0,42530,原皮蝴蝶刀
2025-03-12,17713.5,42530,原皮蝴蝶刀
2025-03-15,16970.0,42530,原皮蝴蝶刀
2025-03-18,17330.0,42530,原皮蝴蝶刀
2025-03-21,16775.0,42530,原皮蝴蝶刀
2025-03-24,16794.5,42530,原皮蝴蝶刀
2025-03-27,16750.0,42530,原皮蝴蝶刀
2025-03-30,16879.0,42530,原皮蝴蝶刀
2025-04-02,17575.0,42530,原皮蝴蝶刀
2025-04-05,17419.0,42530,原皮蝴蝶刀
2025-04-08,18033.25,42530,原皮蝴蝶刀
2025-04-11,18765.8,42530,原皮蝴蝶刀
2025-04-14,19549.8,42530,原皮蝴蝶刀
2025-04-17,18775.0,42530,原皮蝴蝶刀
2025-04-20,19578.75,42530,原皮蝴蝶刀
2025-04-23,20962.33,42530,原皮蝴蝶刀
2025-04-26,20749.0,42530,原皮蝴蝶刀
2025-04-29,21369.0,42530,原皮蝴蝶刀
2025-05-02,21948.25,42530,原皮蝴蝶刀
2025-05-05,24099.5,42530,原皮蝴蝶刀
2025-05-08,21650.0,42530,原皮蝴蝶刀
2025-05-11,20490.0,42530,原皮蝴蝶刀
2025-05-14,17949.25,42530,原皮蝴蝶刀
2025-05-17,19328.73,42530,原皮蝴蝶刀
2025-05-20,19200.0,42530,原皮蝴蝶刀
2025-05-23,20785.33,42530,原皮蝴蝶刀
2025-05-26,21400.0,42530,原皮蝴蝶刀
2025-05-29,21473.0,42530,原皮蝴蝶刀
2025-06-01,21400.0,42530,原皮蝴蝶刀
2025-06-04,20700.0,42530,原皮蝴蝶刀
2025-06-08,20897.5,42530,原皮蝴蝶刀
2025-06-11,20800.0,42530,原皮蝴蝶刀
2025-06-14,20950.0,42530,原皮蝴蝶刀
2025-06-17,20020.0,42530,原皮蝴蝶刀
2025-06-20,20210.0,42530,原皮蝴蝶刀
2025-06-23,20198.0,42530,原皮蝴蝶刀
2025-06-26,20623.2,42530,原皮蝴蝶刀
2025-06-29,20999.0,42530,原皮蝴蝶刀
2025-07-02,21360.0,42530,原皮蝴蝶刀
2025-07-03,21250.0,42530,原皮蝴蝶刀
2025-07-04,21199.0,42530,原皮蝴蝶刀
2025-07-05,20916.5,42530,原皮蝴蝶刀
2025-07-06,21139.0,42530,原皮蝴蝶刀
2025-07-07,20975.0,42530,原皮蝴蝶刀
2025-07-08,20500.0,42530,原皮蝴蝶刀
2025-07-09,20700.0,42530,原皮蝴蝶刀
2025-07-10,20998.0,42530,原皮蝴蝶刀
2025-07-11,20997.0,42530,原皮蝴蝶刀
2025-07-12,20937.67,42530,原皮蝴蝶刀
2025-07-13,21005.0,42530,原皮蝴蝶刀
2025-07-14,20975.0,42530,原皮蝴蝶刀
2025-07-15,21000.0,42530,原皮蝴蝶刀
2025-07-16,20243.33,42530,原皮蝴蝶刀
2025-07-17,19450.0,42530,原皮蝴蝶刀
2025-07-18,20749.5,42530,原皮蝴蝶刀
2025-07-19,20700.0,42530,原皮蝴蝶刀
2025-07-20,20000.0,42530,原皮蝴蝶刀
2025-07-21,19475.0,42530,原皮蝴蝶刀
2025-07-22,19700.0,42530,原皮蝴蝶刀
2025-07-23,19880.0,42530,原皮蝴蝶刀
2025-07-24,19899.5,42530,原皮蝴蝶刀
2025-07-25,19620.0,42530,原皮蝴蝶刀
2025-07-26,20033.33,42530,原皮蝴蝶刀
2025-07-27,20300.0,42530,原皮蝴蝶刀
2025-07-28,20274.5,42530,原皮蝴蝶刀
2025-07-29,19460.0,42530,原皮蝴蝶刀
2025-07-30,19998.5,42530,原皮蝴蝶刀
2025-07-31,19450.0,42530,原皮蝴蝶刀
2025-08-01,19669.5,42530,原皮蝴蝶刀
2025-08-02,19466.0,42530,原皮蝴蝶刀
2025-02-04,13888.0,43389,原皮蝴蝶刀(★ StatTrak™)
2025-02-08,13400.0,43389,原皮蝴蝶刀(★ StatTrak™)
2025-02-12,13479.0,43389,原皮蝴蝶刀(★ StatTrak™)
2025-02-15,13500.0,43389,原皮蝴蝶刀(★ StatTrak™)
2025-02-18,13999.0,43389,原皮蝴蝶刀(★ StatTrak™)
2025-02-21,14598.0,43389,原皮蝴蝶刀(★ StatTrak™)
2025-02-24,13570.0,43389,原皮蝴蝶刀(★ StatTrak™)
2025-02-27,14180.0,43389,原皮蝴蝶刀(★ StatTrak™)
2025-03-03,14199.0,43389,原皮蝴蝶刀(★ StatTrak™)
2025-03-06,14388.0,43389,原皮蝴蝶刀(★ StatTrak™)
2025-03-09,14990.0,43389,原皮蝴蝶刀(★ StatTrak™)
2025-03-12,15400.0,43389,原皮蝴蝶刀(★ StatTrak™)
2025-03-15,15200.0,43389,原皮蝴蝶刀(★ StatTrak™)
2025-03-18,15540.0,43389,原皮蝴蝶刀(★ StatTrak™)
2025-03-21,14310.0,43389,原皮蝴蝶刀(★ StatTrak™)
2025-03-25,14698.0,43389,原皮蝴蝶刀(★ StatTrak™)
2025-03-28,15200.0,43389,原皮蝴蝶刀(★ StatTrak™)
2025-04-01,15668.9,43389,原皮蝴蝶刀(★ StatTrak™)
2025-04-04,15539.0,43389,原皮蝴蝶刀(★ StatTrak™)
2025-04-09,15998.0,43389,原皮蝴蝶刀(★ StatTrak™)
2025-04-12,17388.0,43389,原皮蝴蝶刀(★ StatTrak™)
2025-04-15,16500.0,43389,原皮蝴蝶刀(★ StatTrak™)
2025-04-18,16888.0,43389,原皮蝴蝶刀(★ StatTrak™)
2025-04-22,17985.0,43389,原皮蝴蝶刀(★ StatTrak™)
2025-04-25,18001.0,43389,原皮蝴蝶刀(★ StatTrak™)
2025-04-28,16610.0,43389,原皮蝴蝶刀(★ StatTrak™)
2025-05-02,17777.0,43389,原皮蝴蝶刀(★ StatTrak™)
2025-05-06,19250.0,43389,原皮蝴蝶刀(★ StatTrak™)
2025-05-09,16888.0,43389,原皮蝴蝶刀(★ StatTrak™)
2025-05-12,16700.0,43389,原皮蝴蝶刀(★ StatTrak™)
2025-05-16,16884.5,43389,原皮蝴蝶刀(★ StatTrak™)
2025-05-19,17100.0,43389,原皮蝴蝶刀(★ StatTrak™)
2025-05-24,17498.49,43389,原皮蝴蝶刀(★ StatTrak™)
2025-05-27,17600.0,43389,原皮蝴蝶刀(★ StatTrak™)
2025-05-30,16690.0,43389,原皮蝴蝶刀(★ StatTrak™)
2025-06-02,17450.0,43389,原皮蝴蝶刀(★ StatTrak™)
2025-06-06,17400.0,43389,原皮蝴蝶刀(★ StatTrak™)
2025-06-09,17649.0,43389,原皮蝴蝶刀(★ StatTrak™)
2025-06-14,17800.0,43389,原皮蝴蝶刀(★ StatTrak™)
2025-06-17,17900.0,43389,原皮蝴蝶刀(★ StatTrak™)
2025-06-20,17650.0,43389,原皮蝴蝶刀(★ StatTrak™)
2025-06-23,17560.0,43389,原皮蝴蝶刀(★ StatTrak™)
2025-06-26,17600.0,43389,原皮蝴蝶刀(★ StatTrak™)
2025-06-30,17410.0,43389,原皮蝴蝶刀(★ StatTrak™)
2025-07-03,17800.0,43389,原皮蝴蝶刀(★ StatTrak™)
2025-07-04,17949.99,43389,原皮蝴蝶刀(★ StatTrak™)
2025-07-05,17870.0,43389,原皮蝴蝶刀(★ StatTrak™)
2025-07-06,17510.0,43389,原皮蝴蝶刀(★ StatTrak™)
2025-07-07,17760.0,43389,原皮蝴蝶刀(★ StatTrak™)
2025-07-08,18000.0,43389,原皮蝴蝶刀(★ StatTrak™)
2025-07-09,17850.0,43389,原皮蝴蝶刀(★ StatTrak™)
2025-07-11,17850.0,43389,原皮蝴蝶刀(★ StatTrak™)
2025-07-12,18100.0,43389,原皮蝴蝶刀(★ StatTrak™)
2025-07-13,18000.0,43389,原皮蝴蝶刀(★ StatTrak™)
2025-07-14,17540.0,43389,原皮蝴蝶刀(★ StatTrak™)
2025-07-15,18399.5,43389,原皮蝴蝶刀(★ StatTrak™)
2025-07-16,18988.0,43389,原皮蝴蝶刀(★ StatTrak™)
2025-07-17,22000.0,43389,原皮蝴蝶刀(★ StatTrak™)
2025-07-18,17600.0,43389,原皮蝴蝶刀(★ StatTrak™)
2025-07-21,16850.0,43389,原皮蝴蝶刀(★ StatTrak™)
2025-07-22,16330.0,43389,原皮蝴蝶刀(★ StatTrak™)
2025-07-24,16350.0,43389,原皮蝴蝶刀(★ StatTrak™)
2025-07-26,16100.0,43389,原皮蝴蝶刀(★ StatTrak™)
2025-07-27,16888.0,43389,原皮蝴蝶刀(★ StatTrak™)
2025-07-28,16610.0,43389,原皮蝴蝶刀(★ StatTrak™)
2025-07-30,16800.0,43389,原皮蝴蝶刀(★ StatTrak™)
2025-08-02,17100.0,43389,原皮蝴蝶刀(★ StatTrak™)
2025-02-03,8799.0,43052,原皮 M9 刺刀
2025-02-06,8700.0,43052,原皮 M9 刺刀
2025-02-10,8988.0,43052,原皮 M9 刺刀
2025-02-13,8880.0,43052,原皮 M9 刺刀
2025-02-16,9395.0,43052,原皮 M9 刺刀
2025-02-19,9300.0,43052,原皮 M9 刺刀
2025-02-22,9450.0,43052,原皮 M9 刺刀
2025-02-25,9210.63,43052,原皮 M9 刺刀
2025-02-28,9200.0,43052,原皮 M9 刺刀
2025-03-03,9298.0,43052,原皮 M9 刺刀
2025-03-07,9560.0,43052,原皮 M9 刺刀
2025-03-10,10080.0,43052,原皮 M9 刺刀
2025-03-13,10400.0,43052,原皮 M9 刺刀
2025-03-16,10615.0,43052,原皮 M9 刺刀
2025-03-19,10250.0,43052,原皮 M9 刺刀
2025-03-22,10075.0,43052,原皮 M9 刺刀
2025-03-25,10210.0,43052,原皮 M9 刺刀
2025-03-28,10120.0,43052,原皮 M9 刺刀
2025-03-31,10055.0,43052,原皮 M9 刺刀
2025-04-03,10360.0,43052,原皮 M9 刺刀
2025-04-06,10010.0,43052,原皮 M9 刺刀
2025-04-09,10500.0,43052,原皮 M9 刺刀
2025-04-13,10949.0,43052,原皮 M9 刺刀
2025-04-16,10393.75,43052,原皮 M9 刺刀
2025-04-19,10385.0,43052,原皮 M9 刺刀
2025-04-22,10660.0,43052,原皮 M9 刺刀
2025-04-25,10800.0,43052,原皮 M9 刺刀
2025-04-28,11129.33,43052,原皮 M9 刺刀
2025-05-01,11185.0,43052,原皮 M9 刺刀
2025-05-04,13550.0,43052,原皮 M9 刺刀
2025-05-07,14238.0,43052,原皮 M9 刺刀
2025-05-10,10943.75,43052,原皮 M9 刺刀
2025-05-13,10550.0,43052,原皮 M9 刺刀
2025-05-16,10790.0,43052,原皮 M9 刺刀
2025-05-19,11415.0,43052,原皮 M9 刺刀
2025-05-22,11925.0,43052,原皮 M9 刺刀
2025-05-25,13325.0,43052,原皮 M9 刺刀
2025-05-28,13744.0,43052,原皮 M9 刺刀
2025-05-31,12950.0,43052,原皮 M9 刺刀
2025-06-03,12710.0,43052,原皮 M9 刺刀
2025-06-06,12820.0,43052,原皮 M9 刺刀
2025-06-10,12250.0,43052,原皮 M9 刺刀
2025-06-13,12500.0,43052,原皮 M9 刺刀
2025-06-16,12039.5,43052,原皮 M9 刺刀
2025-06-19,12000.0,43052,原皮 M9 刺刀
2025-06-23,11900.0,43052,原皮 M9 刺刀
2025-06-26,12024.75,43052,原皮 M9 刺刀
2025-06-29,12500.0,43052,原皮 M9 刺刀
2025-07-02,12798.0,43052,原皮 M9 刺刀
2025-07-04,12659.5,43052,原皮 M9 刺刀
2025-07-05,12500.0,43052,原皮 M9 刺刀
2025-07-06,12360.0,43052,原皮 M9 刺刀
2025-07-07,12110.0,43052,原皮 M9 刺刀
2025-07-08,12490.0,43052,原皮 M9 刺刀
2025-07-09,12400.0,43052,原皮 M9 刺刀
2025-07-10,12499.5,43052,原皮 M9 刺刀
2025-07-11,12200.0,43052,原皮 M9 刺刀
2025-07-12,12450.0,43052,原皮 M9 刺刀
2025-07-13,12400.0,43052,原皮 M9 刺刀
2025-07-14,12500.0,43052,原皮 M9 刺刀
2025-07-15,12600.0,43052,原皮 M9 刺刀
2025-07-17,11599.0,43052,原皮 M9 刺刀
2025-07-18,11989.5,43052,原皮 M9 刺刀
2025-07-19,11977.0,43052,原皮 M9 刺刀
2025-07-20,11100.0,43052,原皮 M9 刺刀
2025-07-21,11100.0,43052,原皮 M9 刺刀
2025-07-22,10833.0,43052,原皮 M9 刺刀
2025-07-23,11500.0,43052,原皮 M9 刺刀
2025-07-24,11370.0,43052,原皮 M9 刺刀
2025-07-25,11475.0,43052,原皮 M9 刺刀
2025-07-26,11498.0,43052,原皮 M9 刺刀
2025-07-27,11849.0,43052,原皮 M9 刺刀
2025-07-28,11410.0,43052,原皮 M9 刺刀
2025-07-29,11848.0,43052,原皮 M9 刺刀
2025-07-30,11366.0,43052,原皮 M9 刺刀
2025-07-31,11560.0,43052,原皮 M9 刺刀
2025-08-01,11588.0,43052,原皮 M9 刺刀
2025-08-02,11544.0,43052,原皮 M9 刺刀
2025-02-04,7800.0,43774,原皮 M9 刺刀(★ StatTrak™)
2025-02-07,8194.0,43774,原皮 M9 刺刀(★ StatTrak™)
2025-02-12,8000.0,43774,原皮 M9 刺刀(★ StatTrak™)
2025-02-20,8888.0,43774,原皮 M9 刺刀(★ StatTrak™)
2025-02-23,8358.0,43774,原皮 M9 刺刀(★ StatTrak™)
2025-02-27,8340.0,43774,原皮 M9 刺刀(★ StatTrak™)
2025-03-03,8886.0,43774,原皮 M9 刺刀(★ StatTrak™)
2025-03-06,8761.0,43774,原皮 M9 刺刀(★ StatTrak™)
2025-03-09,8750.0,43774,原皮 M9 刺刀(★ StatTrak™)
2025-03-12,9500.0,43774,原皮 M9 刺刀(★ StatTrak™)
2025-03-16,8734.0,43774,原皮 M9 刺刀(★ StatTrak™)
2025-03-20,8850.0,43774,原皮 M9 刺刀(★ StatTrak™)
2025-03-25,8850.0,43774,原皮 M9 刺刀(★ StatTrak™)
2025-03-31,9149.0,43774,原皮 M9 刺刀(★ StatTrak™)
2025-04-03,9169.0,43774,原皮 M9 刺刀(★ StatTrak™)
2025-04-06,9179.18,43774,原皮 M9 刺刀(★ StatTrak™)
2025-04-11,9200.0,43774,原皮 M9 刺刀(★ StatTrak™)
2025-04-15,9090.0,43774,原皮 M9 刺刀(★ StatTrak™)
2025-04-18,9150.0,43774,原皮 M9 刺刀(★ StatTrak™)
2025-04-21,9480.0,43774,原皮 M9 刺刀(★ StatTrak™)
2025-04-25,9600.0,43774,原皮 M9 刺刀(★ StatTrak™)
2025-04-30,10419.5,43774,原皮 M9 刺刀(★ StatTrak™)
2025-05-04,9888.0,43774,原皮 M9 刺刀(★ StatTrak™)
2025-05-07,10770.0,43774,原皮 M9 刺刀(★ StatTrak™)
2025-05-10,9800.0,43774,原皮 M9 刺刀(★ StatTrak™)
2025-05-14,8950.0,43774,原皮 M9 刺刀(★ StatTrak™)
2025-05-17,9650.0,43774,原皮 M9 刺刀(★ StatTrak™)
2025-05-21,9070.0,43774,原皮 M9 刺刀(★ StatTrak™)
2025-05-25,10000.0,43774,原皮 M9 刺刀(★ StatTrak™)
2025-05-31,9900.0,43774,原皮 M9 刺刀(★ StatTrak™)
2025-06-04,10275.0,43774,原皮 M9 刺刀(★ StatTrak™)
2025-06-07,10200.0,43774,原皮 M9 刺刀(★ StatTrak™)
2025-06-11,10000.0,43774,原皮 M9 刺刀(★ StatTrak™)
2025-06-14,10200.0,43774,原皮 M9 刺刀(★ StatTrak™)
2025-06-20,10300.0,43774,原皮 M9 刺刀(★ StatTrak™)
2025-06-23,10088.0,43774,原皮 M9 刺刀(★ StatTrak™)
2025-06-28,9800.0,43774,原皮 M9 刺刀(★ StatTrak™)
2025-07-02,9810.0,43774,原皮 M9 刺刀(★ StatTrak™)
2025-07-03,10197.0,43774,原皮 M9 刺刀(★ StatTrak™)
2025-07-04,10100.0,43774,原皮 M9 刺刀(★ StatTrak™)
2025-07-05,10300.0,43774,原皮 M9 刺刀(★ StatTrak™)
2025-07-08,10119.0,43774,原皮 M9 刺刀(★ StatTrak™)
2025-07-11,10489.0,43774,原皮 M9 刺刀(★ StatTrak™)
2025-07-12,10500.0,43774,原皮 M9 刺刀(★ StatTrak™)
2025-07-15,10500.0,43774,原皮 M9 刺刀(★ StatTrak™)
2025-07-20,10000.0,43774,原皮 M9 刺刀(★ StatTrak™)
2025-07-21,9999.0,43774,原皮 M9 刺刀(★ StatTrak™)
2025-07-25,9897.0,43774,原皮 M9 刺刀(★ StatTrak™)
2025-07-27,10000.0,43774,原皮 M9 刺刀(★ StatTrak™)
2025-07-29,9900.0,43774,原皮 M9 刺刀(★ StatTrak™)
